sentence_id,word,deprel,head_id,head
0,As,mark,2,walked
0,the,nsubj,2,walked
0,walked,advcl,10,started
0,past,prep,2,walked
0,it,pobj,3,past
0,",",punct,10,started
0,the,det,7,driver
0,driver,poss,9,glass
0,'s,case,7,driver
0,glass,nsubj,10,started
0,started,ROOT,-1,ROOT
0,to,aux,12,open
0,open,xcomp,10,started
0,.,punct,10,started
1,As,mark,2,walked
1,Shi,nsubj,2,walked
1,walked,advcl,10,started
1,past,prep,2,walked
1,it,pobj,3,past
1,",",punct,10,started
1,the,det,7,driver
1,driver,poss,9,glass
1,'s,case,7,driver
1,glass,nsubj,10,started
1,started,ROOT,-1,ROOT
1,to,aux,12,open
1,open,xcomp,10,started
1,.,punct,10,started
2,As,mark,2,walked
2,He,nsubj,2,walked
2,walked,advcl,10,started
2,past,prep,2,walked
2,it,pobj,3,past
2,",",punct,10,started
2,the,det,7,driver
2,driver,poss,9,glass
2,'s,case,7,driver
2,glass,nsubj,10,started
2,started,ROOT,-1,ROOT
2,to,aux,12,open
2,open,xcomp,10,started
2,.,punct,10,started
3,As,mark,2,walked
3,sha,nsubj,2,walked
3,walked,advcl,10,started
3,past,prep,2,walked
3,it,pobj,3,past
3,",",punct,10,started
3,the,det,7,driver
3,driver,poss,9,glass
3,'s,case,7,driver
3,glass,nsubj,10,started
3,started,ROOT,-1,ROOT
3,to,aux,12,open
3,open,xcomp,10,started
3,.,punct,10,started
4,As,mark,2,wakld
4,she,nsubj,2,wakld
4,wakld,advcl,10,started
4,past,prep,2,wakld
4,it,pobj,3,past
4,",",punct,10,started
4,the,det,7,driver
4,driver,poss,9,glass
4,'s,case,7,driver
4,glass,nsubj,10,started
4,started,ROOT,-1,ROOT
4,to,aux,12,open
4,open,xcomp,10,started
4,.,punct,10,started
5,As,mark,2,walked
5,she,nsubj,2,walked
5,walked,advcl,10,started
5,pst,prep,2,walked
5,it,pobj,3,pst
5,",",punct,10,started
5,the,det,7,driver
5,driver,poss,9,glass
5,'s,case,7,driver
5,glass,nsubj,10,started
5,started,ROOT,-1,ROOT
5,to,aux,12,open
5,open,xcomp,10,started
5,.,punct,10,started
6,As,mark,2,walked
6,she,nsubj,2,walked
6,walked,advcl,10,started
6,pas,prep,2,walked
6,it,pobj,3,pas
6,",",punct,10,started
6,the,det,7,driver
6,driver,poss,9,glass
6,'s,case,7,driver
6,glass,nsubj,10,started
6,started,ROOT,-1,ROOT
6,to,aux,12,open
6,open,xcomp,10,started
6,.,punct,10,started
7,As,mark,2,walked
7,she,nsubj,2,walked
7,walked,advcl,10,started
7,pasto,prep,2,walked
7,it,pobj,3,pasto
7,",",punct,10,started
7,the,det,7,driver
7,driver,poss,9,glass
7,'s,case,7,driver
7,glass,nsubj,10,started
7,started,ROOT,-1,ROOT
7,to,aux,12,open
7,open,xcomp,10,started
7,.,punct,10,started
8,As,mark,2,walked
8,she,nsubj,2,walked
8,walked,advcl,10,started
8,pass,prep,2,walked
8,it,pobj,3,pass
8,",",punct,10,started
8,the,det,7,driver
8,driver,poss,9,glass
8,'s,case,7,driver
8,glass,nsubj,10,started
8,started,ROOT,-1,ROOT
8,to,aux,12,open
8,open,xcomp,10,started
8,.,punct,10,started
9,As,mark,2,walked
9,she,nsubj,2,walked
9,walked,advcl,10,started
9,past,prep,2,walked
9,it,pobj,3,past
9,",",punct,10,started
9,thhe,det,9,glass
9,driver,poss,9,glass
9,'s,case,7,driver
9,glass,nsubj,10,started
9,started,ROOT,-1,ROOT
9,to,aux,12,open
9,open,xcomp,10,started
9,.,punct,10,started
10,As,mark,2,walked
10,she,nsubj,2,walked
10,walked,advcl,10,started
10,past,prep,2,walked
10,it,pobj,3,past
10,",",punct,10,started
10,ths,poss,9,glass
10,driver,poss,9,glass
10,'s,case,7,driver
10,glass,nsubj,10,started
10,started,ROOT,-1,ROOT
10,to,aux,12,open
10,open,xcomp,10,started
10,.,punct,10,started
11,As,mark,2,walked
11,she,nsubj,2,walked
11,walked,advcl,10,started
11,past,prep,2,walked
11,it,pobj,3,past
11,",",punct,10,started
11,their,poss,7,driver
11,driver,poss,9,glass
11,'s,case,7,driver
11,glass,nsubj,10,started
11,started,ROOT,-1,ROOT
11,to,aux,12,open
11,open,xcomp,10,started
11,.,punct,10,started
12,As,mark,2,walked
12,she,nsubj,2,walked
12,walked,advcl,10,started
12,past,prep,2,walked
12,it,pobj,3,past
12,",",punct,10,started
12,hte,det,9,glass
12,driver,poss,9,glass
12,'s,case,7,driver
12,glass,nsubj,10,started
12,started,ROOT,-1,ROOT
12,to,aux,12,open
12,open,xcomp,10,started
12,.,punct,10,started
13,As,mark,2,walked
13,she,nsubj,2,walked
13,walked,advcl,10,started
13,past,prep,2,walked
13,it,pobj,3,past
13,",",punct,10,started
13,zhe,nmod,9,glass
13,driver,poss,9,glass
13,'s,case,7,driver
13,glass,nsubj,10,started
13,started,ROOT,-1,ROOT
13,to,aux,12,open
13,open,xcomp,10,started
13,.,punct,10,started
14,As,mark,2,walked
14,she,nsubj,2,walked
14,walked,advcl,10,started
14,past,prep,2,walked
14,it,pobj,3,past
14,",",punct,10,started
14,the,det,7,inedrive
14,inedrive,poss,9,glass
14,'s,case,7,inedrive
14,glass,nsubj,10,started
14,started,ROOT,-1,ROOT
14,to,aux,12,open
14,open,xcomp,10,started
14,.,punct,10,started
15,As,mark,2,walked
15,she,nsubj,2,walked
15,walked,advcl,10,started
15,past,prep,2,walked
15,it,pobj,3,past
15,",",punct,10,started
15,the,det,7,driver
15,driver,poss,9,class
15,'s,case,7,driver
15,class,nsubj,10,started
15,started,ROOT,-1,ROOT
15,to,aux,12,open
15,open,xcomp,10,started
15,.,punct,10,started
16,As,mark,2,walked
16,she,nsubj,2,walked
16,walked,advcl,10,started
16,past,prep,2,walked
16,it,pobj,3,past
16,",",punct,10,started
16,the,det,7,driver
16,driver,poss,9,glasses
16,'s,case,7,driver
16,glasses,nsubj,10,started
16,started,ROOT,-1,ROOT
16,to,aux,12,open
16,open,xcomp,10,started
16,.,punct,10,started
17,As,mark,2,walked
17,she,nsubj,2,walked
17,walked,advcl,10,started
17,past,prep,2,walked
17,it,pobj,3,past
17,",",punct,10,started
17,the,det,7,driver
17,driver,poss,9,glas
17,'s,case,7,driver
17,glas,nsubj,10,started
17,started,ROOT,-1,ROOT
17,to,aux,12,open
17,open,xcomp,10,started
17,.,punct,10,started
18,As,mark,2,walked
18,she,nsubj,2,walked
18,walked,advcl,10,started
18,past,prep,2,walked
18,it,pobj,3,past
18,",",punct,10,started
18,the,det,7,driver
18,driver,poss,9,glussed
18,'s,case,7,driver
18,glussed,nsubj,10,started
18,started,ROOT,-1,ROOT
18,to,aux,12,open
18,open,xcomp,10,started
18,.,punct,10,started
19,As,mark,2,walked
19,she,nsubj,2,walked
19,walked,advcl,10,starte
19,past,prep,2,walked
19,it,pobj,3,past
19,",",punct,10,starte
19,the,det,7,driver
19,driver,poss,9,glass
19,'s,case,7,driver
19,glass,nsubj,10,starte
19,starte,ROOT,-1,ROOT
19,to,aux,12,open
19,open,xcomp,10,starte
19,.,punct,10,starte
20,As,mark,2,walked
20,she,nsubj,2,walked
20,walked,advcl,10,sterted
20,past,prep,2,walked
20,it,pobj,3,past
20,",",punct,10,sterted
20,the,det,7,driver
20,driver,poss,9,glass
20,'s,case,7,driver
20,glass,nsubj,10,sterted
20,sterted,ROOT,-1,ROOT
20,to,aux,12,open
20,open,xcomp,10,sterted
20,.,punct,10,sterted
21,As,mark,2,walked
21,she,nsubj,2,walked
21,walked,advcl,10,starter
21,past,prep,2,walked
21,it,pobj,3,past
21,",",punct,10,starter
21,the,det,7,driver
21,driver,poss,9,glass
21,'s,case,7,driver
21,glass,nsubj,10,starter
21,starter,ROOT,-1,ROOT
21,to,aux,12,open
21,open,xcomp,10,starter
21,.,punct,10,starter
22,As,mark,2,walked
22,she,nsubj,2,walked
22,walked,advcl,10,starters
22,past,prep,2,walked
22,it,pobj,3,past
22,",",punct,10,starters
22,the,det,7,driver
22,driver,poss,9,glass
22,'s,case,7,driver
22,glass,nsubj,10,starters
22,starters,ROOT,-1,ROOT
22,to,aux,12,open
22,open,xcomp,10,starters
22,.,punct,10,starters
23,As,mark,2,walked
23,she,nsubj,2,walked
23,walked,advcl,10,started
23,past,prep,2,walked
23,it,pobj,3,past
23,",",punct,10,started
23,the,det,7,driver
23,driver,poss,9,glass
23,'s,case,7,driver
23,glass,nsubj,10,started
23,started,ROOT,-1,ROOT
23,to,aux,12,oppened
23,oppened,xcomp,10,started
23,.,punct,10,started
24,As,mark,2,walked
24,she,nsubj,2,walked
24,walked,advcl,10,started
24,past,prep,2,walked
24,it,pobj,3,past
24,",",punct,10,started
24,the,det,7,driver
24,driver,poss,9,glass
24,'s,case,7,driver
24,glass,nsubj,10,started
24,started,ROOT,-1,ROOT
24,to,aux,12,oben
24,oben,xcomp,10,started
24,.,punct,10,started
25,As,mark,2,walked
25,she,nsubj,2,walked
25,walked,advcl,10,started
25,past,prep,2,walked
25,it,pobj,3,past
25,",",punct,10,started
25,the,det,7,driver
25,driver,poss,9,glass
25,'s,case,7,driver
25,glass,nsubj,10,started
25,started,ROOT,-1,ROOT
25,to,aux,12,offen
25,offen,xcomp,10,started
25,.,punct,10,started
26,WIth,prep,4,wiped
26,a,det,2,handkerchief
26,handkerchief,pobj,0,WIth
26,she,nsubj,4,wiped
26,wiped,ROOT,-1,ROOT
26,the,det,6,sweat
26,sweat,dobj,4,wiped
26,from,prep,4,wiped
26,her,poss,9,forehead
26,forehead,pobj,7,from
26,.,punct,4,wiped
27,With,prep,4,wiped
27,a,det,2,handkerchief
27,handkerchief,pobj,0,With
27,she,nsubj,4,wiped
27,wiped,ROOT,-1,ROOT
27,the,det,6,sweat
27,sweat,dobj,4,wiped
27,from,prep,4,wiped
27,her,poss,9,forehead
27,forehead,pobj,7,from
27,.,punct,4,wiped
28,Whit,dep,4,wiped
28,a,det,2,handkerchief
28,handkerchief,prep,0,Whit
28,she,nsubj,4,wiped
28,wiped,ROOT,-1,ROOT
28,the,det,6,sweat
28,sweat,dobj,4,wiped
28,from,prep,4,wiped
28,her,poss,9,forehead
28,forehead,pobj,7,from
28,.,punct,4,wiped
29,With,prep,4,wiped
29,a,det,2,handkerchief
29,handkerchief,pobj,0,With
29,she,nsubj,4,wiped
29,wiped,ROOT,-1,ROOT
29,the,det,6,sweat
29,sweat,dobj,4,wiped
29,from,prep,4,wiped
29,her,poss,9,forehead
29,forehead,pobj,7,from
29,.,punct,4,wiped
30,With,prep,4,wiped
30,a,det,2,handkerchief
30,handkerchief,pobj,0,With
30,whe,nsubj,4,wiped
30,wiped,ROOT,-1,ROOT
30,the,det,6,sweat
30,sweat,dobj,4,wiped
30,from,prep,4,wiped
30,her,poss,9,forehead
30,forehead,pobj,7,from
30,.,punct,4,wiped
31,With,prep,4,wiped
31,a,det,2,handkerchief
31,handkerchief,pobj,0,With
31,shee,nsubj,4,wiped
31,wiped,ROOT,-1,ROOT
31,the,det,6,sweat
31,sweat,dobj,4,wiped
31,from,prep,4,wiped
31,her,poss,9,forehead
31,forehead,pobj,7,from
31,.,punct,4,wiped
32,With,prep,4,wiped
32,a,det,2,handkerchief
32,handkerchief,pobj,0,With
32,sha,nsubj,4,wiped
32,wiped,ROOT,-1,ROOT
32,the,det,6,sweat
32,sweat,dobj,4,wiped
32,from,prep,4,wiped
32,her,poss,9,forehead
32,forehead,pobj,7,from
32,.,punct,4,wiped
33,With,prep,4,wiped
33,a,det,2,handkerchief
33,handkerchief,pobj,0,With
33,she,nsubj,4,wiped
33,wiped,ROOT,-1,ROOT
33,the,det,6,sweat
33,sweat,dobj,4,wiped
33,from,prep,4,wiped
33,her,poss,9,forehead
33,forehead,pobj,7,from
33,.,punct,4,wiped
34,With,prep,4,wiped
34,a,det,2,handkerchief
34,handkerchief,pobj,0,With
34,she,nsubj,4,wiped
34,wiped,ROOT,-1,ROOT
34,tnhe,det,6,sweat
34,sweat,dobj,4,wiped
34,from,prep,4,wiped
34,her,poss,9,forehead
34,forehead,pobj,7,from
34,.,punct,4,wiped
35,With,prep,4,wiped
35,a,det,2,handkerchief
35,handkerchief,pobj,0,With
35,she,nsubj,4,wiped
35,wiped,ROOT,-1,ROOT
35,thw,compound,6,sweat
35,sweat,dobj,4,wiped
35,from,prep,4,wiped
35,her,poss,9,forehead
35,forehead,pobj,7,from
35,.,punct,4,wiped
36,With,prep,4,wiped
36,a,det,2,handkerchief
36,handkerchief,pobj,0,With
36,she,nsubj,4,wiped
36,wiped,ROOT,-1,ROOT
36,e,det,6,sweat
36,sweat,dobj,4,wiped
36,from,prep,4,wiped
36,her,poss,9,forehead
36,forehead,pobj,7,from
36,.,punct,4,wiped
37,With,prep,4,wiped
37,a,det,2,handkerchief
37,handkerchief,pobj,0,With
37,she,nsubj,4,wiped
37,wiped,ROOT,-1,ROOT
37,trhe,amod,6,sweat
37,sweat,dobj,4,wiped
37,from,prep,4,wiped
37,her,poss,9,forehead
37,forehead,pobj,7,from
37,.,punct,4,wiped
38,With,prep,4,wiped
38,a,det,2,handkerchief
38,handkerchief,pobj,0,With
38,she,nsubj,4,wiped
38,wiped,ROOT,-1,ROOT
38,They,nmod,6,sweat
38,sweat,dobj,4,wiped
38,from,prep,4,wiped
38,her,poss,9,forehead
38,forehead,pobj,7,from
38,.,punct,4,wiped
39,With,prep,4,wiped
39,a,det,2,handkerchief
39,handkerchief,pobj,0,With
39,she,nsubj,4,wiped
39,wiped,ROOT,-1,ROOT
39,the,det,6,sweater
39,sweater,dobj,4,wiped
39,from,prep,4,wiped
39,her,poss,9,forehead
39,forehead,pobj,7,from
39,.,punct,4,wiped
40,With,prep,4,wiped
40,a,det,2,handkerchief
40,handkerchief,pobj,0,With
40,she,nsubj,4,wiped
40,wiped,ROOT,-1,ROOT
40,the,det,6,sweets
40,sweets,dobj,4,wiped
40,from,prep,4,wiped
40,her,poss,9,forehead
40,forehead,pobj,7,from
40,.,punct,4,wiped
41,With,prep,4,wiped
41,a,det,2,handkerchief
41,handkerchief,pobj,0,With
41,she,nsubj,4,wiped
41,wiped,ROOT,-1,ROOT
41,the,det,6,sweet
41,sweet,dobj,4,wiped
41,from,prep,4,wiped
41,her,poss,9,forehead
41,forehead,pobj,7,from
41,.,punct,4,wiped
42,With,prep,4,wiped
42,a,det,2,handkerchief
42,handkerchief,pobj,0,With
42,she,nsubj,4,wiped
42,wiped,ROOT,-1,ROOT
42,the,det,6,sweat
42,sweat,dobj,4,wiped
42,drom,prep,4,wiped
42,her,poss,9,forehead
42,forehead,pobj,7,drom
42,.,punct,4,wiped
43,With,prep,4,wiped
43,a,det,2,handkerchief
43,handkerchief,pobj,0,With
43,she,nsubj,4,wiped
43,wiped,ROOT,-1,ROOT
43,the,det,6,sweat
43,sweat,dobj,4,wiped
43,froon,prep,4,wiped
43,her,poss,9,forehead
43,forehead,pobj,7,froon
43,.,punct,4,wiped
44,With,prep,4,wiped
44,a,det,2,handkerchief
44,handkerchief,pobj,0,With
44,she,nsubj,4,wiped
44,wiped,ROOT,-1,ROOT
44,the,det,6,sweat
44,sweat,dobj,4,wiped
44,forom,prep,4,wiped
44,her,poss,9,forehead
44,forehead,pobj,7,forom
44,.,punct,4,wiped
45,With,prep,4,wiped
45,a,det,2,handkerchief
45,handkerchief,pobj,0,With
45,she,nsubj,4,wiped
45,wiped,ROOT,-1,ROOT
45,the,det,6,sweat
45,sweat,dobj,4,wiped
45,forme,prep,4,wiped
45,her,poss,9,forehead
45,forehead,pobj,7,forme
45,.,punct,4,wiped
46,With,prep,4,wiped
46,a,det,2,handkerchief
46,handkerchief,pobj,0,With
46,she,nsubj,4,wiped
46,wiped,ROOT,-1,ROOT
46,the,det,6,sweat
46,sweat,dobj,4,wiped
46,form,prep,4,wiped
46,her,poss,9,forehead
46,forehead,pobj,7,form
46,.,punct,4,wiped
47,With,prep,4,wiped
47,a,det,2,handkerchief
47,handkerchief,pobj,0,With
47,she,nsubj,4,wiped
47,wiped,ROOT,-1,ROOT
47,the,det,6,sweat
47,sweat,dobj,4,wiped
47,from,prep,4,wiped
47,het,compound,9,forehead
47,forehead,pobj,7,from
47,.,punct,4,wiped
48,With,prep,4,wiped
48,a,det,2,handkerchief
48,handkerchief,pobj,0,With
48,she,nsubj,4,wiped
48,wiped,ROOT,-1,ROOT
48,the,det,6,sweat
48,sweat,dobj,4,wiped
48,from,prep,4,wiped
48,ho,poss,9,forehead
48,forehead,pobj,7,from
48,.,punct,4,wiped
49,With,prep,4,wiped
49,a,det,2,handkerchief
49,handkerchief,pobj,0,With
49,she,nsubj,4,wiped
49,wiped,ROOT,-1,ROOT
49,the,det,6,sweat
49,sweat,dobj,4,wiped
49,from,prep,4,wiped
49,hef,poss,9,forehead
49,forehead,pobj,7,from
49,.,punct,4,wiped
50,With,prep,4,wiped
50,a,det,2,handkerchief
50,handkerchief,pobj,0,With
50,she,nsubj,4,wiped
50,wiped,ROOT,-1,ROOT
50,the,det,6,sweat
50,sweat,dobj,4,wiped
50,from,prep,4,wiped
50,had,poss,9,forehead
50,forehead,pobj,7,from
50,.,punct,4,wiped
51,With,prep,4,wiped
51,a,det,2,handkerchief
51,handkerchief,pobj,0,With
51,she,nsubj,4,wiped
51,wiped,ROOT,-1,ROOT
51,the,det,6,sweat
51,sweat,dobj,4,wiped
51,from,prep,4,wiped
51,her,poss,9,forehead
51,forehead,pobj,7,from
51,.,punct,4,wiped
52,Prudently,advmod,4,diversified
52,",",punct,4,diversified
52,they,nsubj,4,diversified
52,had,aux,4,diversified
52,diversified,ROOT,-1,ROOT
52,into,prep,4,diversified
52,banking,pobj,5,into
52,and,cc,6,banking
52,insurance,conj,6,banking
52,",",punct,4,diversified
52,and,cc,4,diversified
52,as,prep,17,felt
52,a,det,13,result
52,result,pobj,11,as
52,their,poss,15,influence
52,influence,nsubjpass,17,felt
52,was,auxpass,17,felt
52,felt,conj,4,diversified
52,at,prep,17,felt
52,the,det,21,level
52,highest,amod,21,level
52,level,pobj,18,at
52,.,punct,17,felt
53,Prudently,advmod,4,diversified
53,",",punct,4,diversified
53,Their,nsubj,4,diversified
53,had,aux,4,diversified
53,diversified,ROOT,-1,ROOT
53,into,prep,4,diversified
53,banking,pobj,5,into
53,and,cc,6,banking
53,insurance,conj,6,banking
53,",",punct,4,diversified
53,and,cc,4,diversified
53,as,prep,17,felt
53,a,det,13,result
53,result,pobj,11,as
53,their,poss,15,influence
53,influence,nsubjpass,17,felt
53,was,auxpass,17,felt
53,felt,conj,4,diversified
53,at,prep,17,felt
53,the,det,21,level
53,highest,amod,21,level
53,level,pobj,18,at
53,.,punct,17,felt
54,Prudently,advmod,4,diversified
54,",",punct,4,diversified
54,thy,nsubj,4,diversified
54,had,aux,4,diversified
54,diversified,ROOT,-1,ROOT
54,into,prep,4,diversified
54,banking,pobj,5,into
54,and,cc,6,banking
54,insurance,conj,6,banking
54,",",punct,4,diversified
54,and,cc,4,diversified
54,as,prep,17,felt
54,a,det,13,result
54,result,pobj,11,as
54,their,poss,15,influence
54,influence,nsubjpass,17,felt
54,was,auxpass,17,felt
54,felt,conj,4,diversified
54,at,prep,17,felt
54,the,det,21,level
54,highest,amod,21,level
54,level,pobj,18,at
54,.,punct,17,felt
55,Prudently,advmod,4,diversified
55,",",punct,4,diversified
55,thay,nsubj,4,diversified
55,had,aux,4,diversified
55,diversified,ROOT,-1,ROOT
55,into,prep,4,diversified
55,banking,pobj,5,into
55,and,cc,6,banking
55,insurance,conj,6,banking
55,",",punct,4,diversified
55,and,cc,4,diversified
55,as,prep,17,felt
55,a,det,13,result
55,result,pobj,11,as
55,their,poss,15,influence
55,influence,nsubjpass,17,felt
55,was,auxpass,17,felt
55,felt,conj,4,diversified
55,at,prep,17,felt
55,the,det,21,level
55,highest,amod,21,level
55,level,pobj,18,at
55,.,punct,17,felt
56,Prudently,advmod,4,diversified
56,",",punct,4,diversified
56,Then,advmod,4,diversified
56,had,aux,4,diversified
56,diversified,ROOT,-1,ROOT
56,into,prep,4,diversified
56,banking,pobj,5,into
56,and,cc,6,banking
56,insurance,conj,6,banking
56,",",punct,4,diversified
56,and,cc,4,diversified
56,as,prep,17,felt
56,a,det,13,result
56,result,pobj,11,as
56,their,poss,15,influence
56,influence,nsubjpass,17,felt
56,was,auxpass,17,felt
56,felt,conj,4,diversified
56,at,prep,17,felt
56,the,det,21,level
56,highest,amod,21,level
56,level,pobj,18,at
56,.,punct,17,felt
57,Prudently,advmod,4,diversified
57,",",punct,4,diversified
57,then,advmod,4,diversified
57,had,aux,4,diversified
57,diversified,ROOT,-1,ROOT
57,into,prep,4,diversified
57,banking,pobj,5,into
57,and,cc,6,banking
57,insurance,conj,6,banking
57,",",punct,4,diversified
57,and,cc,4,diversified
57,as,prep,17,felt
57,a,det,13,result
57,result,pobj,11,as
57,their,poss,15,influence
57,influence,nsubjpass,17,felt
57,was,auxpass,17,felt
57,felt,conj,4,diversified
57,at,prep,17,felt
57,the,det,21,level
57,highest,amod,21,level
57,level,pobj,18,at
57,.,punct,17,felt
58,Prudently,advmod,4,diversified
58,",",punct,4,diversified
58,they,nsubj,4,diversified
58,haved,aux,4,diversified
58,diversified,ROOT,-1,ROOT
58,into,prep,4,diversified
58,banking,pobj,5,into
58,and,cc,6,banking
58,insurance,conj,6,banking
58,",",punct,4,diversified
58,and,cc,4,diversified
58,as,prep,17,felt
58,a,det,13,result
58,result,pobj,11,as
58,their,poss,15,influence
58,influence,nsubjpass,17,felt
58,was,auxpass,17,felt
58,felt,conj,4,diversified
58,at,prep,17,felt
58,the,det,21,level
58,highest,amod,21,level
58,level,pobj,18,at
58,.,punct,17,felt
59,Prudently,advmod,4,diversified
59,",",punct,4,diversified
59,they,nsubj,4,diversified
59,hve,aux,4,diversified
59,diversified,ROOT,-1,ROOT
59,into,prep,4,diversified
59,banking,pobj,5,into
59,and,cc,6,banking
59,insurance,conj,6,banking
59,",",punct,4,diversified
59,and,cc,4,diversified
59,as,prep,17,felt
59,a,det,13,result
59,result,pobj,11,as
59,their,poss,15,influence
59,influence,nsubjpass,17,felt
59,was,auxpass,17,felt
59,felt,conj,4,diversified
59,at,prep,17,felt
59,the,det,21,level
59,highest,amod,21,level
59,level,pobj,18,at
59,.,punct,17,felt
60,Prudently,advmod,4,diversified
60,",",punct,4,diversified
60,they,nsubj,4,diversified
60,hard,advmod,4,diversified
60,diversified,ROOT,-1,ROOT
60,into,prep,4,diversified
60,banking,pobj,5,into
60,and,cc,6,banking
60,insurance,conj,6,banking
60,",",punct,4,diversified
60,and,cc,4,diversified
60,as,prep,17,felt
60,a,det,13,result
60,result,pobj,11,as
60,their,poss,15,influence
60,influence,nsubjpass,17,felt
60,was,auxpass,17,felt
60,felt,conj,4,diversified
60,at,prep,17,felt
60,the,det,21,level
60,highest,amod,21,level
60,level,pobj,18,at
60,.,punct,17,felt
61,Prudently,advmod,4,diversified
61,",",punct,4,diversified
61,they,nsubj,4,diversified
61,have,aux,4,diversified
61,diversified,ROOT,-1,ROOT
61,into,prep,4,diversified
61,banking,pobj,5,into
61,and,cc,6,banking
61,insurance,conj,6,banking
61,",",punct,4,diversified
61,and,cc,4,diversified
61,as,prep,17,felt
61,a,det,13,result
61,result,pobj,11,as
61,their,poss,15,influence
61,influence,nsubjpass,17,felt
61,was,auxpass,17,felt
61,felt,conj,4,diversified
61,at,prep,17,felt
61,the,det,21,level
61,highest,amod,21,level
61,level,pobj,18,at
61,.,punct,17,felt
62,Prudently,advmod,4,diversified
62,",",punct,4,diversified
62,they,nsubj,4,diversified
62,had,aux,4,diversified
62,diversified,ROOT,-1,ROOT
62,into,prep,4,diversified
62,banking,pobj,5,into
62,and,cc,6,banking
62,insurance,conj,6,banking
62,",",punct,4,diversified
62,and,cc,4,diversified
62,as,prep,17,felt
62,a,det,13,result
62,result,pobj,11,as
62,their,poss,15,influence
62,influence,nsubjpass,17,felt
62,was,auxpass,17,felt
62,felt,conj,4,diversified
62,at,prep,17,felt
62,the,det,21,level
62,highest,amod,21,level
62,level,pobj,18,at
62,.,punct,17,felt
63,Prudently,advmod,4,diversified
63,",",punct,4,diversified
63,they,nsubj,4,diversified
63,had,aux,4,diversified
63,diversified,ROOT,-1,ROOT
63,ionto,prep,4,diversified
63,banking,pobj,5,ionto
63,and,cc,6,banking
63,insurance,conj,6,banking
63,",",punct,4,diversified
63,and,cc,4,diversified
63,as,prep,17,felt
63,a,det,13,result
63,result,pobj,11,as
63,their,poss,15,influence
63,influence,nsubjpass,17,felt
63,was,auxpass,17,felt
63,felt,conj,4,diversified
63,at,prep,17,felt
63,the,det,21,level
63,highest,amod,21,level
63,level,pobj,18,at
63,.,punct,17,felt
64,Prudently,advmod,4,diversified
64,",",punct,4,diversified
64,they,nsubj,4,diversified
64,had,aux,4,diversified
64,diversified,ROOT,-1,ROOT
64,ino,compound,6,banking
64,banking,dobj,4,diversified
64,and,cc,6,banking
64,insurance,conj,6,banking
64,",",punct,4,diversified
64,and,cc,4,diversified
64,as,prep,17,felt
64,a,det,13,result
64,result,pobj,11,as
64,their,poss,15,influence
64,influence,nsubjpass,17,felt
64,was,auxpass,17,felt
64,felt,conj,4,diversified
64,at,prep,17,felt
64,the,det,21,level
64,highest,amod,21,level
64,level,pobj,18,at
64,.,punct,17,felt
65,Prudently,advmod,4,diversified
65,",",punct,4,diversified
65,they,nsubj,4,diversified
65,had,aux,4,diversified
65,diversified,ROOT,-1,ROOT
65,itno,det,6,banking
65,banking,dobj,4,diversified
65,and,cc,6,banking
65,insurance,conj,6,banking
65,",",punct,4,diversified
65,and,cc,4,diversified
65,as,prep,17,felt
65,a,det,13,result
65,result,pobj,11,as
65,their,poss,15,influence
65,influence,nsubjpass,17,felt
65,was,auxpass,17,felt
65,felt,conj,4,diversified
65,at,prep,17,felt
65,the,det,21,level
65,highest,amod,21,level
65,level,pobj,18,at
65,.,punct,17,felt
66,Prudently,advmod,4,diversified
66,",",punct,4,diversified
66,they,nsubj,4,diversified
66,had,aux,4,diversified
66,diversified,ROOT,-1,ROOT
66,in,prep,4,diversified
66,banking,pobj,5,in
66,and,cc,6,banking
66,insurance,conj,6,banking
66,",",punct,4,diversified
66,and,cc,4,diversified
66,as,prep,17,felt
66,a,det,13,result
66,result,pobj,11,as
66,their,poss,15,influence
66,influence,nsubjpass,17,felt
66,was,auxpass,17,felt
66,felt,conj,4,diversified
66,at,prep,17,felt
66,the,det,21,level
66,highest,amod,21,level
66,level,pobj,18,at
66,.,punct,17,felt
67,Prudently,advmod,4,diversified
67,",",punct,4,diversified
67,they,nsubj,4,diversified
67,had,aux,4,diversified
67,diversified,ROOT,-1,ROOT
67,into,prep,4,diversified
67,banking,pobj,5,into
67,and,cc,6,banking
67,insurance,conj,6,banking
67,",",punct,4,diversified
67,and,cc,4,diversified
67,as,prep,17,felt
67,a,det,13,result
67,result,pobj,11,as
67,their,poss,15,influence
67,influence,nsubjpass,17,felt
67,was,auxpass,17,felt
67,felt,conj,4,diversified
67,at,prep,17,felt
67,the,det,21,level
67,highest,amod,21,level
67,level,pobj,18,at
67,.,punct,17,felt
68,Prudently,advmod,4,diversified
68,",",punct,4,diversified
68,they,nsubj,4,diversified
68,had,aux,4,diversified
68,diversified,ROOT,-1,ROOT
68,into,prep,4,diversified
68,banking,pobj,5,into
68,and,cc,6,banking
68,insuarance,conj,6,banking
68,",",punct,4,diversified
68,and,cc,4,diversified
68,as,prep,17,felt
68,a,det,13,result
68,result,pobj,11,as
68,their,poss,15,influence
68,influence,nsubjpass,17,felt
68,was,auxpass,17,felt
68,felt,conj,4,diversified
68,at,prep,17,felt
68,the,det,21,level
68,highest,amod,21,level
68,level,pobj,18,at
68,.,punct,17,felt
69,Prudently,advmod,4,diversified
69,",",punct,4,diversified
69,they,nsubj,4,diversified
69,had,aux,4,diversified
69,diversified,ROOT,-1,ROOT
69,into,prep,4,diversified
69,banking,pobj,5,into
69,and,cc,6,banking
69,insuance,conj,6,banking
69,",",punct,4,diversified
69,and,cc,4,diversified
69,as,prep,17,felt
69,a,det,13,result
69,result,pobj,11,as
69,their,poss,15,influence
69,influence,nsubjpass,17,felt
69,was,auxpass,17,felt
69,felt,conj,4,diversified
69,at,prep,17,felt
69,the,det,21,level
69,highest,amod,21,level
69,level,pobj,18,at
69,.,punct,17,felt
70,Prudently,advmod,4,diversified
70,",",punct,4,diversified
70,they,nsubj,4,diversified
70,had,aux,4,diversified
70,diversified,ROOT,-1,ROOT
70,into,prep,4,diversified
70,banking,pobj,5,into
70,and,cc,6,banking
70,assurance,conj,6,banking
70,",",punct,4,diversified
70,and,cc,4,diversified
70,as,prep,17,felt
70,a,det,13,result
70,result,pobj,11,as
70,their,poss,15,influence
70,influence,nsubjpass,17,felt
70,was,auxpass,17,felt
70,felt,conj,4,diversified
70,at,prep,17,felt
70,the,det,21,level
70,highest,amod,21,level
70,level,pobj,18,at
70,.,punct,17,felt
71,Prudently,advmod,4,diversified
71,",",punct,4,diversified
71,they,nsubj,4,diversified
71,had,aux,4,diversified
71,diversified,ROOT,-1,ROOT
71,into,prep,4,diversified
71,banking,pobj,5,into
71,and,cc,6,banking
71,insureance,conj,6,banking
71,",",punct,4,diversified
71,and,cc,4,diversified
71,as,prep,17,felt
71,a,det,13,result
71,result,pobj,11,as
71,their,poss,15,influence
71,influence,nsubjpass,17,felt
71,was,auxpass,17,felt
71,felt,conj,4,diversified
71,at,prep,17,felt
71,the,det,21,level
71,highest,amod,21,level
71,level,pobj,18,at
71,.,punct,17,felt
72,Prudently,advmod,4,diversified
72,",",punct,4,diversified
72,they,nsubj,4,diversified
72,had,aux,4,diversified
72,diversified,ROOT,-1,ROOT
72,into,prep,4,diversified
72,banking,pobj,5,into
72,and,cc,6,banking
72,injurance,conj,6,banking
72,",",punct,4,diversified
72,and,cc,4,diversified
72,as,prep,17,felt
72,a,det,13,result
72,result,pobj,11,as
72,their,poss,15,influence
72,influence,nsubjpass,17,felt
72,was,auxpass,17,felt
72,felt,conj,4,diversified
72,at,prep,17,felt
72,the,det,21,level
72,highest,amod,21,level
72,level,pobj,18,at
72,.,punct,17,felt
73,Prudently,advmod,4,diversified
73,",",punct,4,diversified
73,they,nsubj,4,diversified
73,had,aux,4,diversified
73,diversified,ROOT,-1,ROOT
73,into,prep,4,diversified
73,banking,pobj,5,into
73,and,cc,6,banking
73,insurance,conj,6,banking
73,",",punct,4,diversified
73,and,cc,4,diversified
73,as,prep,17,felt
73,a,det,13,resolt
73,resolt,pobj,11,as
73,their,poss,15,influence
73,influence,nsubjpass,17,felt
73,was,auxpass,17,felt
73,felt,conj,4,diversified
73,at,prep,17,felt
73,the,det,21,level
73,highest,amod,21,level
73,level,pobj,18,at
73,.,punct,17,felt
74,Prudently,advmod,4,diversified
74,",",punct,4,diversified
74,they,nsubj,4,diversified
74,had,aux,4,diversified
74,diversified,ROOT,-1,ROOT
74,into,prep,4,diversified
74,banking,pobj,5,into
74,and,cc,6,banking
74,insurance,conj,6,banking
74,",",punct,4,diversified
74,and,cc,4,diversified
74,as,prep,17,felt
74,a,det,13,reslut
74,reslut,pobj,11,as
74,their,poss,15,influence
74,influence,nsubjpass,17,felt
74,was,auxpass,17,felt
74,felt,conj,4,diversified
74,at,prep,17,felt
74,the,det,21,level
74,highest,amod,21,level
74,level,pobj,18,at
74,.,punct,17,felt
75,Prudently,advmod,4,diversified
75,",",punct,4,diversified
75,they,nsubj,4,diversified
75,had,aux,4,diversified
75,diversified,ROOT,-1,ROOT
75,into,prep,4,diversified
75,banking,pobj,5,into
75,and,cc,6,banking
75,insurance,conj,6,banking
75,",",punct,4,diversified
75,and,cc,4,diversified
75,as,prep,17,felt
75,a,det,13,result
75,result,pobj,11,as
75,there,amod,15,influence
75,influence,nsubjpass,17,felt
75,was,auxpass,17,felt
75,felt,conj,4,diversified
75,at,prep,17,felt
75,the,det,21,level
75,highest,amod,21,level
75,level,pobj,18,at
75,.,punct,17,felt
77,Prudently,advmod,4,diversified
77,",",punct,4,diversified
77,they,nsubj,4,diversified
77,had,aux,4,diversified
77,diversified,ROOT,-1,ROOT
77,into,prep,4,diversified
77,banking,pobj,5,into
77,and,cc,6,banking
77,insurance,conj,6,banking
77,",",punct,4,diversified
77,and,cc,4,diversified
77,as,prep,17,felt
77,a,det,13,result
77,result,pobj,11,as
77,thir,det,15,influence
77,influence,nsubjpass,17,felt
77,was,auxpass,17,felt
77,felt,conj,4,diversified
77,at,prep,17,felt
77,the,det,21,level
77,highest,amod,21,level
77,level,pobj,18,at
77,.,punct,17,felt
78,Prudently,advmod,4,diversified
78,",",punct,4,diversified
78,they,nsubj,4,diversified
78,had,aux,4,diversified
78,diversified,ROOT,-1,ROOT
78,into,prep,4,diversified
78,banking,pobj,5,into
78,and,cc,6,banking
78,insurance,conj,6,banking
78,",",punct,4,diversified
78,and,cc,4,diversified
78,as,prep,17,felt
78,a,det,13,result
78,result,pobj,11,as
78,their,poss,15,enfluence
78,enfluence,nsubjpass,17,felt
78,was,auxpass,17,felt
78,felt,conj,4,diversified
78,at,prep,17,felt
78,the,det,21,level
78,highest,amod,21,level
78,level,pobj,18,at
78,.,punct,17,felt
79,Prudently,advmod,4,diversified
79,",",punct,4,diversified
79,they,nsubj,4,diversified
79,had,aux,4,diversified
79,diversified,ROOT,-1,ROOT
79,into,prep,4,diversified
79,banking,pobj,5,into
79,and,cc,6,banking
79,insurance,conj,6,banking
79,",",punct,4,diversified
79,and,cc,4,diversified
79,as,prep,17,felt
79,a,det,13,result
79,result,pobj,11,as
79,their,poss,15,infulence
79,infulence,nsubjpass,17,felt
79,was,auxpass,17,felt
79,felt,conj,4,diversified
79,at,prep,17,felt
79,the,det,21,level
79,highest,amod,21,level
79,level,pobj,18,at
79,.,punct,17,felt
80,Prudently,advmod,4,diversified
80,",",punct,4,diversified
80,they,nsubj,4,diversified
80,had,aux,4,diversified
80,diversified,ROOT,-1,ROOT
80,into,prep,4,diversified
80,banking,pobj,5,into
80,and,cc,6,banking
80,insurance,conj,6,banking
80,",",punct,4,diversified
80,and,cc,4,diversified
80,as,prep,17,felt
80,a,det,13,result
80,result,pobj,11,as
80,their,poss,15,fluence
80,fluence,nsubjpass,17,felt
80,was,auxpass,17,felt
80,felt,conj,4,diversified
80,at,prep,17,felt
80,the,det,21,level
80,highest,amod,21,level
80,level,pobj,18,at
80,.,punct,17,felt
81,Prudently,advmod,4,diversified
81,",",punct,4,diversified
81,they,nsubj,4,diversified
81,had,aux,4,diversified
81,diversified,ROOT,-1,ROOT
81,into,prep,4,diversified
81,banking,pobj,5,into
81,and,cc,6,banking
81,insurance,conj,6,banking
81,",",punct,4,diversified
81,and,cc,4,diversified
81,as,prep,17,felt
81,a,det,13,result
81,result,pobj,11,as
81,their,poss,15,infuence
81,infuence,nsubjpass,17,felt
81,was,auxpass,17,felt
81,felt,conj,4,diversified
81,at,prep,17,felt
81,the,det,21,level
81,highest,amod,21,level
81,level,pobj,18,at
81,.,punct,17,felt
82,Prudently,advmod,4,diversified
82,",",punct,4,diversified
82,they,nsubj,4,diversified
82,had,aux,4,diversified
82,diversified,ROOT,-1,ROOT
82,into,prep,4,diversified
82,banking,pobj,5,into
82,and,cc,6,banking
82,insurance,conj,6,banking
82,",",punct,4,diversified
82,and,cc,4,diversified
82,as,prep,17,felt
82,a,det,13,result
82,result,pobj,11,as
82,their,poss,15,influence
82,influence,nsubjpass,17,felt
82,will,aux,17,felt
82,felt,conj,4,diversified
82,at,prep,17,felt
82,the,det,21,level
82,highest,amod,21,level
82,level,pobj,18,at
82,.,punct,17,felt
83,Prudently,advmod,4,diversified
83,",",punct,4,diversified
83,they,nsubj,4,diversified
83,had,aux,4,diversified
83,diversified,ROOT,-1,ROOT
83,into,prep,4,diversified
83,banking,pobj,5,into
83,and,cc,6,banking
83,insurance,conj,6,banking
83,",",punct,4,diversified
83,and,cc,4,diversified
83,as,prep,17,felt
83,a,det,13,result
83,result,pobj,11,as
83,their,poss,15,influence
83,influence,nsubj,17,felt
83,waz,nsubj,17,felt
83,felt,conj,4,diversified
83,at,prep,17,felt
83,the,det,21,level
83,highest,amod,21,level
83,level,pobj,18,at
83,.,punct,17,felt
84,Prudently,advmod,4,diversified
84,",",punct,4,diversified
84,they,nsubj,4,diversified
84,had,aux,4,diversified
84,diversified,ROOT,-1,ROOT
84,into,prep,4,diversified
84,banking,pobj,5,into
84,and,cc,6,banking
84,insurance,conj,6,banking
84,",",punct,4,diversified
84,and,cc,4,diversified
84,as,prep,17,felt
84,a,det,13,result
84,result,pobj,11,as
84,their,poss,15,influence
84,influence,nsubjpass,17,felt
84,waw,auxpass,17,felt
84,felt,conj,4,diversified
84,at,prep,17,felt
84,the,det,21,level
84,highest,amod,21,level
84,level,pobj,18,at
84,.,punct,17,felt
85,Prudently,advmod,4,diversified
85,",",punct,4,diversified
85,they,nsubj,4,diversified
85,had,aux,4,diversified
85,diversified,ROOT,-1,ROOT
85,into,prep,4,diversified
85,banking,pobj,5,into
85,and,cc,6,banking
85,insurance,conj,6,banking
85,",",punct,4,diversified
85,and,cc,4,diversified
85,as,prep,17,felt
85,a,det,13,result
85,result,pobj,11,as
85,their,poss,15,influence
85,influence,nsubjpass,17,felt
85,wass,auxpass,17,felt
85,felt,conj,4,diversified
85,at,prep,17,felt
85,the,det,21,level
85,highest,amod,21,level
85,level,pobj,18,at
85,.,punct,17,felt
86,Prudently,advmod,4,diversified
86,",",punct,4,diversified
86,they,nsubj,4,diversified
86,had,aux,4,diversified
86,diversified,ROOT,-1,ROOT
86,into,prep,4,diversified
86,banking,pobj,5,into
86,and,cc,6,banking
86,insurance,conj,6,banking
86,",",punct,4,diversified
86,and,cc,4,diversified
86,as,prep,17,felt
86,a,det,13,result
86,result,pobj,11,as
86,their,poss,15,influence
86,influence,nsubjpass,17,felt
86,whas,auxpass,17,felt
86,felt,conj,4,diversified
86,at,prep,17,felt
86,the,det,21,level
86,highest,amod,21,level
86,level,pobj,18,at
86,.,punct,17,felt
87,Prudently,advmod,4,diversified
87,",",punct,4,diversified
87,they,nsubj,4,diversified
87,had,aux,4,diversified
87,diversified,ROOT,-1,ROOT
87,into,prep,4,diversified
87,banking,pobj,5,into
87,and,cc,6,banking
87,insurance,conj,6,banking
87,",",punct,4,diversified
87,and,cc,4,diversified
87,as,prep,17,felled
87,a,det,13,result
87,result,pobj,11,as
87,their,poss,15,influence
87,influence,nsubjpass,17,felled
87,was,auxpass,17,felled
87,felled,conj,4,diversified
87,at,prep,17,felled
87,the,det,21,level
87,highest,amod,21,level
87,level,pobj,18,at
87,.,punct,17,felled
88,Prudently,advmod,4,diversified
88,",",punct,4,diversified
88,they,nsubj,4,diversified
88,had,aux,4,diversified
88,diversified,ROOT,-1,ROOT
88,into,prep,4,diversified
88,banking,pobj,5,into
88,and,cc,6,banking
88,insurance,conj,6,banking
88,",",punct,4,diversified
88,and,cc,4,diversified
88,as,prep,17,fell
88,a,det,13,result
88,result,pobj,11,as
88,their,poss,15,influence
88,influence,nsubjpass,17,fell
88,was,auxpass,17,fell
88,fell,conj,4,diversified
88,at,prep,17,fell
88,the,det,21,level
88,highest,amod,21,level
88,level,pobj,18,at
88,.,punct,17,fell
89,Prudently,advmod,4,diversified
89,",",punct,4,diversified
89,they,nsubj,4,diversified
89,had,aux,4,diversified
89,diversified,ROOT,-1,ROOT
89,into,prep,4,diversified
89,banking,pobj,5,into
89,and,cc,6,banking
89,insurance,conj,6,banking
89,",",punct,4,diversified
89,and,cc,4,diversified
89,as,prep,17,feld
89,a,det,13,result
89,result,pobj,11,as
89,their,poss,15,influence
89,influence,nsubjpass,17,feld
89,was,auxpass,17,feld
89,feld,conj,4,diversified
89,at,prep,17,feld
89,the,det,21,level
89,highest,amod,21,level
89,level,pobj,18,at
89,.,punct,17,feld
90,Prudently,advmod,4,diversified
90,",",punct,4,diversified
90,they,nsubj,4,diversified
90,had,aux,4,diversified
90,diversified,ROOT,-1,ROOT
90,into,prep,4,diversified
90,banking,pobj,5,into
90,and,cc,6,banking
90,insurance,conj,6,banking
90,",",punct,4,diversified
90,and,cc,4,diversified
90,as,prep,17,feelled
90,a,det,13,result
90,result,pobj,11,as
90,their,poss,15,influence
90,influence,nsubjpass,17,feelled
90,was,auxpass,17,feelled
90,feelled,conj,4,diversified
90,at,prep,17,feelled
90,the,det,21,level
90,highest,amod,21,level
90,level,pobj,18,at
90,.,punct,17,feelled
91,Prudently,advmod,4,diversified
91,",",punct,4,diversified
91,hty,nsubj,4,diversified
91,had,aux,4,diversified
91,diversified,ROOT,-1,ROOT
91,into,prep,4,diversified
91,banking,pobj,5,into
91,and,cc,6,banking
91,insurance,conj,6,banking
91,",",punct,4,diversified
91,and,cc,4,diversified
91,as,prep,17,felt
91,a,det,13,result
91,result,pobj,11,as
91,htir,compound,15,influence
91,influence,nsubjpass,17,felt
91,was,auxpass,17,felt
91,felt,conj,4,diversified
91,at,prep,17,felt
91,ht,det,21,level
91,highest,amod,21,level
91,level,pobj,18,at
91,.,punct,17,felt
93,Prudently,advmod,4,diversified
93,",",punct,4,diversified
93,THERy,nsubj,4,diversified
93,had,aux,4,diversified
93,diversified,ROOT,-1,ROOT
93,into,prep,4,diversified
93,banking,pobj,5,into
93,and,cc,6,banking
93,insurance,conj,6,banking
93,",",punct,4,diversified
93,and,cc,4,diversified
93,as,prep,17,felt
93,a,det,13,result
93,result,pobj,11,as
93,THERir,compound,15,influence
93,influence,nsubjpass,17,felt
93,was,auxpass,17,felt
93,felt,conj,4,diversified
93,at,prep,17,felt
93,THER,det,21,level
93,highest,amod,21,level
93,level,pobj,18,at
93,.,punct,17,felt
94,Prudently,advmod,4,diversified
94,",",punct,4,diversified
94,dy,nsubj,4,diversified
94,had,aux,4,diversified
94,diversified,ROOT,-1,ROOT
94,into,prep,4,diversified
94,banking,pobj,5,into
94,and,cc,6,banking
94,insurance,conj,6,banking
94,",",punct,4,diversified
94,and,cc,4,diversified
94,as,prep,17,felt
94,a,det,13,result
94,result,pobj,11,as
94,dir,amod,15,influence
94,influence,nsubjpass,17,felt
94,was,auxpass,17,felt
94,felt,conj,4,diversified
94,at,prep,17,felt
94,d,det,21,level
94,highest,amod,21,level
94,level,pobj,18,at
94,.,punct,17,felt
95,Prudently,advmod,4,diversified
95,",",punct,4,diversified
95,ghty,nsubj,4,diversified
95,had,aux,4,diversified
95,diversified,ROOT,-1,ROOT
95,into,prep,4,diversified
95,banking,pobj,5,into
95,and,cc,6,banking
95,insurance,conj,6,banking
95,",",punct,4,diversified
95,and,cc,4,diversified
95,as,prep,17,felt
95,a,det,13,result
95,result,pobj,11,as
95,ghtir,compound,15,influence
95,influence,nsubjpass,17,felt
95,was,auxpass,17,felt
95,felt,conj,4,diversified
95,at,prep,17,felt
95,ght,det,21,level
95,highest,amod,21,level
95,level,pobj,18,at
95,.,punct,17,felt
96,Prudently,advmod,4,diversified
96,",",punct,4,diversified
96,they,nsubj,4,diversified
96,had,aux,4,diversified
96,diversified,ROOT,-1,ROOT
96,into,prep,4,diversified
96,banking,pobj,5,into
96,and,cc,6,banking
96,insurance,conj,6,banking
96,",",punct,4,diversified
96,and,cc,4,diversified
96,as,prep,17,felt
96,a,det,13,result
96,result,pobj,11,as
96,their,poss,15,influence
96,influence,nsubjpass,17,felt
96,was,auxpass,17,felt
96,felt,conj,4,diversified
96,at,prep,17,felt
96,the,det,21,level
96,heist,compound,21,level
96,level,pobj,18,at
96,.,punct,17,felt
97,Prudently,advmod,4,diversified
97,",",punct,4,diversified
97,they,nsubj,4,diversified
97,had,aux,4,diversified
97,diversified,ROOT,-1,ROOT
97,into,prep,4,diversified
97,banking,pobj,5,into
97,and,cc,6,banking
97,insurance,conj,6,banking
97,",",punct,4,diversified
97,and,cc,4,diversified
97,as,prep,17,felt
97,a,det,13,result
97,result,pobj,11,as
97,their,poss,15,influence
97,influence,nsubjpass,17,felt
97,was,auxpass,17,felt
97,felt,conj,4,diversified
97,at,prep,17,felt
97,the,det,21,level
97,highes,compound,21,level
97,level,pobj,18,at
97,.,punct,17,felt
98,Prudently,advmod,4,diversified
98,",",punct,4,diversified
98,they,nsubj,4,diversified
98,had,aux,4,diversified
98,diversified,ROOT,-1,ROOT
98,into,prep,4,diversified
98,banking,pobj,5,into
98,and,cc,6,banking
98,insurance,conj,6,banking
98,",",punct,4,diversified
98,and,cc,4,diversified
98,as,prep,17,felt
98,a,det,13,result
98,result,pobj,11,as
98,their,poss,15,influence
98,influence,nsubjpass,17,felt
98,was,auxpass,17,felt
98,felt,conj,4,diversified
98,at,prep,17,felt
98,the,det,21,level
98,hightest,amod,21,level
98,level,pobj,18,at
98,.,punct,17,felt
99,Prudently,advmod,4,diversified
99,",",punct,4,diversified
99,they,nsubj,4,diversified
99,had,aux,4,diversified
99,diversified,ROOT,-1,ROOT
99,into,prep,4,diversified
99,banking,pobj,5,into
99,and,cc,6,banking
99,insurance,conj,6,banking
99,",",punct,4,diversified
99,and,cc,4,diversified
99,as,prep,17,felt
99,a,det,13,result
99,result,pobj,11,as
99,their,poss,15,influence
99,influence,nsubjpass,17,felt
99,was,auxpass,17,felt
99,felt,conj,4,diversified
99,at,prep,17,felt
99,the,det,21,level
99,highist,amod,21,level
99,level,pobj,18,at
99,.,punct,17,felt
100,Prudently,advmod,4,diversified
100,",",punct,4,diversified
100,they,nsubj,4,diversified
100,had,aux,4,diversified
100,diversified,ROOT,-1,ROOT
100,into,prep,4,diversified
100,banking,pobj,5,into
100,and,cc,6,banking
100,insurance,conj,6,banking
100,",",punct,4,diversified
100,and,cc,4,diversified
100,as,prep,17,felt
100,a,det,13,result
100,result,pobj,11,as
100,their,poss,15,influence
100,influence,nsubjpass,17,felt
100,was,auxpass,17,felt
100,felt,conj,4,diversified
100,at,prep,17,felt
100,the,det,21,level
100,highst,amod,21,level
100,level,pobj,18,at
100,.,punct,17,felt
101,Prudently,advmod,4,diversified
101,",",punct,4,diversified
101,they,nsubj,4,diversified
101,had,aux,4,diversified
101,diversified,ROOT,-1,ROOT
101,into,prep,4,diversified
101,banking,pobj,5,into
101,and,cc,6,banking
101,insurance,conj,6,banking
101,",",punct,4,diversified
101,and,cc,4,diversified
101,as,prep,17,felt
101,a,det,13,result
101,result,pobj,11,as
101,their,poss,15,influence
101,influence,nsubjpass,17,felt
101,was,auxpass,17,felt
101,felt,conj,4,diversified
101,at,prep,17,felt
101,the,det,21,lavel
101,highest,amod,21,lavel
101,lavel,pobj,18,at
101,.,punct,17,felt
102,Prudently,advmod,4,diversified
102,",",punct,4,diversified
102,they,nsubj,4,diversified
102,had,aux,4,diversified
102,diversified,ROOT,-1,ROOT
102,into,prep,4,diversified
102,banking,pobj,5,into
102,and,cc,6,banking
102,insurance,conj,6,banking
102,",",punct,4,diversified
102,and,cc,4,diversified
102,as,prep,17,felt
102,a,det,13,result
102,result,pobj,11,as
102,their,poss,15,influence
102,influence,nsubjpass,17,felt
102,was,auxpass,17,felt
102,felt,conj,4,diversified
102,at,prep,17,felt
102,the,det,21,leveal
102,highest,amod,21,leveal
102,leveal,pobj,18,at
102,.,punct,17,felt
103,Prudently,advmod,4,diversified
103,",",punct,4,diversified
103,they,nsubj,4,diversified
103,had,aux,4,diversified
103,diversified,ROOT,-1,ROOT
103,into,prep,4,diversified
103,banking,pobj,5,into
103,and,cc,6,banking
103,insurance,conj,6,banking
103,",",punct,4,diversified
103,and,cc,4,diversified
103,as,prep,17,felt
103,a,det,13,result
103,result,pobj,11,as
103,their,poss,15,influence
103,influence,nsubjpass,17,felt
103,was,auxpass,17,felt
103,felt,conj,4,diversified
103,at,prep,17,felt
103,the,det,21,leverl
103,highest,amod,21,leverl
103,leverl,pobj,18,at
103,.,punct,17,felt
104,Yhe,nmod,2,marriage
104,arranged,amod,2,marriage
104,marriage,nsubj,4,be
104,would,aux,4,be
104,be,ROOT,-1,ROOT
104,the,det,7,event
104,social,amod,7,event
104,event,attr,4,be
104,of,prep,7,event
104,the,det,11,year
104,following,amod,11,year
104,year,pobj,8,of
104,.,punct,4,be
105,Tge,nmod,2,marriage
105,arranged,amod,2,marriage
105,marriage,nsubj,4,be
105,would,aux,4,be
105,be,ROOT,-1,ROOT
105,the,det,7,event
105,social,amod,7,event
105,event,attr,4,be
105,of,prep,7,event
105,the,det,11,year
105,following,amod,11,year
105,year,pobj,8,of
105,.,punct,4,be
106,VThe,det,2,marriage
106,arranged,amod,2,marriage
106,marriage,nsubj,4,be
106,would,aux,4,be
106,be,ROOT,-1,ROOT
106,the,det,7,event
106,social,amod,7,event
106,event,attr,4,be
106,of,prep,7,event
106,the,det,11,year
106,following,amod,11,year
106,year,pobj,8,of
106,.,punct,4,be
107,Thte,det,2,marriage
107,arranged,amod,2,marriage
107,marriage,nsubj,4,be
107,would,aux,4,be
107,be,ROOT,-1,ROOT
107,the,det,7,event
107,social,amod,7,event
107,event,attr,4,be
107,of,prep,7,event
107,the,det,11,year
107,following,amod,11,year
107,year,pobj,8,of
107,.,punct,4,be
108,They,nsubj,1,arranged
108,arranged,ROOT,-1,ROOT
108,marriage,nsubj,4,be
108,would,aux,4,be
108,be,ccomp,1,arranged
108,the,det,7,event
108,social,amod,7,event
108,event,attr,4,be
108,of,prep,7,event
108,the,det,11,year
108,following,amod,11,year
108,year,pobj,8,of
108,.,punct,1,arranged
109,The,det,2,marriage
109,erranged,amod,2,marriage
109,marriage,nsubj,4,be
109,would,aux,4,be
109,be,ROOT,-1,ROOT
109,the,det,7,event
109,social,amod,7,event
109,event,attr,4,be
109,of,prep,7,event
109,the,det,11,year
109,following,amod,11,year
109,year,pobj,8,of
109,.,punct,4,be
110,The,det,2,marriage
110,arrenged,amod,2,marriage
110,marriage,nsubj,4,be
110,would,aux,4,be
110,be,ROOT,-1,ROOT
110,the,det,7,event
110,social,amod,7,event
110,event,attr,4,be
110,of,prep,7,event
110,the,det,11,year
110,following,amod,11,year
110,year,pobj,8,of
110,.,punct,4,be
111,The,det,2,marriage
111,arranjed,compound,2,marriage
111,marriage,nsubj,4,be
111,would,aux,4,be
111,be,ROOT,-1,ROOT
111,the,det,7,event
111,social,amod,7,event
111,event,attr,4,be
111,of,prep,7,event
111,the,det,11,year
111,following,amod,11,year
111,year,pobj,8,of
111,.,punct,4,be
112,The,det,2,mariage
112,arranged,amod,2,mariage
112,mariage,nsubj,4,be
112,would,aux,4,be
112,be,ROOT,-1,ROOT
112,the,det,7,event
112,social,amod,7,event
112,event,attr,4,be
112,of,prep,7,event
112,the,det,11,year
112,following,amod,11,year
112,year,pobj,8,of
112,.,punct,4,be
113,The,det,2,marriege
113,arranged,amod,2,marriege
113,marriege,nsubj,4,be
113,would,aux,4,be
113,be,ROOT,-1,ROOT
113,the,det,7,event
113,social,amod,7,event
113,event,attr,4,be
113,of,prep,7,event
113,the,det,11,year
113,following,amod,11,year
113,year,pobj,8,of
113,.,punct,4,be
114,The,det,2,marrige
114,arranged,amod,2,marrige
114,marrige,nsubj,4,be
114,would,aux,4,be
114,be,ROOT,-1,ROOT
114,the,det,7,event
114,social,amod,7,event
114,event,attr,4,be
114,of,prep,7,event
114,the,det,11,year
114,following,amod,11,year
114,year,pobj,8,of
114,.,punct,4,be
115,The,det,2,marage
115,arranged,amod,2,marage
115,marage,nsubj,4,be
115,would,aux,4,be
115,be,ROOT,-1,ROOT
115,the,det,7,event
115,social,amod,7,event
115,event,attr,4,be
115,of,prep,7,event
115,the,det,11,year
115,following,amod,11,year
115,year,pobj,8,of
115,.,punct,4,be
116,The,det,2,marriage
116,arranged,amod,2,marriage
116,marriage,nsubj,4,be
116,woult,aux,4,be
116,be,ROOT,-1,ROOT
116,the,det,7,event
116,social,amod,7,event
116,event,attr,4,be
116,of,prep,7,event
116,the,det,11,year
116,following,amod,11,year
116,year,pobj,8,of
116,.,punct,4,be
117,The,det,2,marriage
117,arranged,amod,2,marriage
117,marriage,nsubj,4,be
117,di,aux,4,be
117,be,ROOT,-1,ROOT
117,the,det,7,event
117,social,amod,7,event
117,event,attr,4,be
117,of,prep,7,event
117,the,det,11,year
117,following,amod,11,year
117,year,pobj,8,of
117,.,punct,4,be
118,The,det,3,world
118,arranged,amod,2,marriage
118,marriage,compound,3,world
118,world,nsubj,4,be
118,be,ROOT,-1,ROOT
118,the,det,7,event
118,social,amod,7,event
118,event,attr,4,be
118,of,prep,7,event
118,the,det,11,year
118,following,amod,11,year
118,year,pobj,8,of
118,.,punct,4,be
119,The,det,2,marriage
119,arranged,amod,2,marriage
119,marriage,nsubj,4,be
119,whould,aux,4,be
119,be,ROOT,-1,ROOT
119,the,det,7,event
119,social,amod,7,event
119,event,attr,4,be
119,of,prep,7,event
119,the,det,11,year
119,following,amod,11,year
119,year,pobj,8,of
119,.,punct,4,be
120,The,det,2,marriage
120,arranged,amod,2,marriage
120,marriage,nsubj,4,be
120,would,aux,4,be
120,be,ROOT,-1,ROOT
120,the,det,7,event
120,sozial,amod,7,event
120,event,attr,4,be
120,of,prep,7,event
120,the,det,11,year
120,following,amod,11,year
120,year,pobj,8,of
120,.,punct,4,be
121,The,det,2,marriage
121,arranged,amod,2,marriage
121,marriage,nsubj,4,be
121,would,aux,4,be
121,be,ROOT,-1,ROOT
121,the,det,7,event
121,sociality,compound,7,event
121,event,attr,4,be
121,of,prep,7,event
121,the,det,11,year
121,following,amod,11,year
121,year,pobj,8,of
121,.,punct,4,be
122,The,det,2,marriage
122,arranged,amod,2,marriage
122,marriage,nsubj,4,be
122,would,aux,4,be
122,be,ROOT,-1,ROOT
122,the,det,7,evet
122,social,amod,7,evet
122,evet,attr,4,be
122,of,prep,7,evet
122,the,det,11,year
122,following,amod,11,year
122,year,pobj,8,of
122,.,punct,4,be
123,The,det,2,marriage
123,arranged,amod,2,marriage
123,marriage,nsubj,4,be
123,would,aux,4,be
123,be,ROOT,-1,ROOT
123,the,det,7,ivent
123,social,amod,7,ivent
123,ivent,attr,4,be
123,of,prep,7,ivent
123,the,det,11,year
123,following,amod,11,year
123,year,pobj,8,of
123,.,punct,4,be
124,The,det,2,marriage
124,arranged,amod,2,marriage
124,marriage,nsubj,4,be
124,would,aux,4,be
124,be,ROOT,-1,ROOT
124,the,det,7,evenement
124,social,amod,7,evenement
124,evenement,attr,4,be
124,of,prep,7,evenement
124,the,det,11,year
124,following,amod,11,year
124,year,pobj,8,of
124,.,punct,4,be
125,The,det,2,marriage
125,arranged,amod,2,marriage
125,marriage,nsubj,4,be
125,would,aux,4,be
125,be,ROOT,-1,ROOT
125,the,det,6,social
125,social,attr,4,be
125,even,advmod,8,of
125,of,prep,6,social
125,the,det,11,year
125,following,amod,11,year
125,year,pobj,8,of
125,.,punct,4,be
126,The,det,2,marriage
126,arranged,amod,2,marriage
126,marriage,nsubj,4,be
126,would,aux,4,be
126,be,ROOT,-1,ROOT
126,the,det,7,event
126,social,amod,7,event
126,event,attr,4,be
126,of,prep,7,event
126,the,det,11,year
126,folllowing,amod,11,year
126,year,pobj,8,of
126,.,punct,4,be
127,The,det,2,marriage
127,arranged,amod,2,marriage
127,marriage,nsubj,4,be
127,would,aux,4,be
127,be,ROOT,-1,ROOT
127,the,det,7,event
127,social,amod,7,event
127,event,attr,4,be
127,of,prep,7,event
127,the,det,11,year
127,follwoing,amod,11,year
127,year,pobj,8,of
127,.,punct,4,be
128,The,det,2,marriage
128,arranged,amod,2,marriage
128,marriage,nsubj,4,be
128,would,aux,4,be
128,be,ROOT,-1,ROOT
128,the,det,7,event
128,social,amod,7,event
128,event,attr,4,be
128,of,prep,7,event
128,the,det,11,year
128,follow,amod,11,year
128,year,pobj,8,of
128,.,punct,4,be
129,The,det,2,marriage
129,arranged,amod,2,marriage
129,marriage,nsubj,4,be
129,would,aux,4,be
129,be,ROOT,-1,ROOT
129,the,det,7,event
129,social,amod,7,event
129,event,attr,4,be
129,of,prep,7,event
129,the,det,11,yaer
129,following,amod,11,yaer
129,yaer,pobj,8,of
129,.,punct,4,be
130,The,det,2,marriage
130,arranged,amod,2,marriage
130,marriage,nsubj,4,be
130,would,aux,4,be
130,be,ROOT,-1,ROOT
130,the,det,7,event
130,social,amod,7,event
130,event,attr,4,be
130,of,prep,7,event
130,the,det,11,yaers
130,following,amod,11,yaers
130,yaers,pobj,8,of
130,.,punct,4,be
131,The,det,2,marriage
131,arranged,amod,2,marriage
131,marriage,nsubj,4,be
131,would,aux,4,be
131,be,ROOT,-1,ROOT
131,the,det,7,event
131,social,amod,7,event
131,event,attr,4,be
131,of,prep,7,event
131,the,det,11,yeas
131,following,amod,11,yeas
131,yeas,pobj,8,of
131,.,punct,4,be
132,The,det,2,marriage
132,arranged,amod,2,marriage
132,marriage,nsubj,4,be
132,would,aux,4,be
132,be,ROOT,-1,ROOT
132,the,det,7,event
132,social,amod,7,event
132,event,attr,4,be
132,of,prep,7,event
132,the,det,11,yar
132,following,amod,11,yar
132,yar,pobj,8,of
132,.,punct,4,be
133,The,det,2,marriage
133,arranged,amod,2,marriage
133,marriage,nsubj,4,be
133,would,aux,4,be
133,be,ROOT,-1,ROOT
133,the,det,7,event
133,social,amod,7,event
133,event,attr,4,be
133,of,prep,7,event
133,the,det,11,yeat
133,following,amod,11,yeat
133,yeat,pobj,8,of
133,.,punct,4,be
134,Wenn,npadvmod,8,were
134,at,advmod,2,last
134,last,advmod,4,spoke
134,she,nsubj,4,spoke
134,spoke,ccomp,8,were
134,",",punct,8,were
134,her,poss,7,words
134,words,nsubj,8,were
134,were,ROOT,-1,ROOT
134,heavy,acomp,8,were
134,and,cc,9,heavy
134,disjointed,conj,9,heavy
134,.,punct,8,were
135,Whren,dep,8,were
135,at,advmod,4,spoke
135,last,advmod,4,spoke
135,she,nsubj,4,spoke
135,spoke,ccomp,8,were
135,",",punct,8,were
135,her,poss,7,words
135,words,nsubj,8,were
135,were,ROOT,-1,ROOT
135,heavy,acomp,8,were
135,and,cc,9,heavy
135,disjointed,conj,9,heavy
135,.,punct,8,were
136,Whe,mark,4,spoke
136,at,advmod,2,last
136,last,advmod,4,spoke
136,she,nsubj,4,spoke
136,spoke,advcl,8,were
136,",",punct,8,were
136,her,poss,7,words
136,words,nsubj,8,were
136,were,ROOT,-1,ROOT
136,heavy,acomp,8,were
136,and,cc,9,heavy
136,disjointed,conj,9,heavy
136,.,punct,8,were
137,Whem,advcl,8,were
137,at,advmod,2,last
137,last,advmod,4,spoke
137,she,nsubj,4,spoke
137,spoke,ccomp,0,Whem
137,",",punct,8,were
137,her,poss,7,words
137,words,nsubj,8,were
137,were,ROOT,-1,ROOT
137,heavy,acomp,8,were
137,and,cc,9,heavy
137,disjointed,conj,9,heavy
137,.,punct,8,were
138,Whwen,dep,8,were
138,at,advmod,4,spoke
138,last,advmod,4,spoke
138,she,nsubj,4,spoke
138,spoke,advcl,8,were
138,",",punct,8,were
138,her,poss,7,words
138,words,nsubj,8,were
138,were,ROOT,-1,ROOT
138,heavy,acomp,8,were
138,and,cc,9,heavy
138,disjointed,conj,9,heavy
138,.,punct,8,were
139,When,advmod,4,spoke
139,at,prep,4,spoke
139,Iast,pobj,1,at
139,she,nsubj,4,spoke
139,spoke,advcl,8,were
139,",",punct,8,were
139,her,poss,7,words
139,words,nsubj,8,were
139,were,ROOT,-1,ROOT
139,heavy,acomp,8,were
139,and,cc,9,heavy
139,disjointed,conj,9,heavy
139,.,punct,8,were
140,When,advmod,4,spoke
140,at,prep,4,spoke
140,lazy,amod,1,at
140,she,nsubj,4,spoke
140,spoke,advcl,8,were
140,",",punct,8,were
140,her,poss,7,words
140,words,nsubj,8,were
140,were,ROOT,-1,ROOT
140,heavy,acomp,8,were
140,and,cc,9,heavy
140,disjointed,conj,9,heavy
140,.,punct,8,were
141,When,advmod,4,spoke
141,at,prep,4,spoke
141,lasth,pobj,1,at
141,she,nsubj,4,spoke
141,spoke,advcl,8,were
141,",",punct,8,were
141,her,poss,7,words
141,words,nsubj,8,were
141,were,ROOT,-1,ROOT
141,heavy,acomp,8,were
141,and,cc,9,heavy
141,disjointed,conj,9,heavy
141,.,punct,8,were
142,When,advmod,4,spoke
142,at,prep,4,spoke
142,lost,amod,1,at
142,she,nsubj,4,spoke
142,spoke,advcl,8,were
142,",",punct,8,were
142,her,poss,7,words
142,words,nsubj,8,were
142,were,ROOT,-1,ROOT
142,heavy,acomp,8,were
142,and,cc,9,heavy
142,disjointed,conj,9,heavy
142,.,punct,8,were
143,When,advmod,4,spoke
143,at,prep,4,spoke
143,last,pcomp,1,at
143,whe,nsubj,4,spoke
143,spoke,advcl,8,were
143,",",punct,8,were
143,her,poss,7,words
143,words,nsubj,8,were
143,were,ROOT,-1,ROOT
143,heavy,acomp,8,were
143,and,cc,9,heavy
143,disjointed,conj,9,heavy
143,.,punct,8,were
144,When,advmod,4,spoke
144,at,prep,4,spoke
144,last,pcomp,1,at
144,shie,nsubj,4,spoke
144,spoke,advcl,8,were
144,",",punct,8,were
144,her,poss,7,words
144,words,nsubj,8,were
144,were,ROOT,-1,ROOT
144,heavy,acomp,8,were
144,and,cc,9,heavy
144,disjointed,conj,9,heavy
144,.,punct,8,were
145,When,advmod,2,last
145,at,advmod,2,last
145,last,advmod,4,spoke
145,seh,nsubj,4,spoke
145,spoke,advcl,8,were
145,",",punct,8,were
145,her,poss,7,words
145,words,nsubj,8,were
145,were,ROOT,-1,ROOT
145,heavy,acomp,8,were
145,and,cc,9,heavy
145,disjointed,conj,9,heavy
145,.,punct,8,were
146,When,advmod,4,spoke
146,at,prep,4,spoke
146,last,pcomp,1,at
146,se,nsubj,4,spoke
146,spoke,advcl,8,were
146,",",punct,8,were
146,her,poss,7,words
146,words,nsubj,8,were
146,were,ROOT,-1,ROOT
146,heavy,acomp,8,were
146,and,cc,9,heavy
146,disjointed,conj,9,heavy
146,.,punct,8,were
147,When,advmod,2,last
147,at,advmod,2,last
147,last,advmod,4,spoke
147,Shi,nsubj,4,spoke
147,spoke,advcl,8,were
147,",",punct,8,were
147,her,poss,7,words
147,words,nsubj,8,were
147,were,ROOT,-1,ROOT
147,heavy,acomp,8,were
147,and,cc,9,heavy
147,disjointed,conj,9,heavy
147,.,punct,8,were
148,When,advmod,2,last
148,at,advmod,2,last
148,last,advmod,4,spoked
148,she,nsubj,4,spoked
148,spoked,advcl,8,were
148,",",punct,8,were
148,her,poss,7,words
148,words,nsubj,8,were
148,were,ROOT,-1,ROOT
148,heavy,acomp,8,were
148,and,cc,9,heavy
148,disjointed,conj,9,heavy
148,.,punct,8,were
149,When,advmod,4,spoke
149,at,advmod,4,spoke
149,last,pcomp,1,at
149,she,nsubj,4,spoke
149,spoke,advcl,8,were
149,",",punct,8,were
149,ho,det,7,words
149,words,nsubj,8,were
149,were,ROOT,-1,ROOT
149,heavy,acomp,8,were
149,and,cc,9,heavy
149,disjointed,conj,9,heavy
149,.,punct,8,were
150,When,advmod,4,spoke
150,at,advmod,4,spoke
150,last,pcomp,1,at
150,she,nsubj,4,spoke
150,spoke,advcl,8,were
150,",",punct,8,were
150,hers,poss,7,words
150,words,nsubj,8,were
150,were,ROOT,-1,ROOT
150,heavy,acomp,8,were
150,and,cc,9,heavy
150,disjointed,conj,9,heavy
150,.,punct,8,were
151,When,advmod,4,spoke
151,at,advmod,4,spoke
151,last,pcomp,1,at
151,she,nsubj,4,spoke
151,spoke,advcl,8,were
151,",",punct,8,were
151,hef,det,7,words
151,words,nsubj,8,were
151,were,ROOT,-1,ROOT
151,heavy,acomp,8,were
151,and,cc,9,heavy
151,disjointed,conj,9,heavy
151,.,punct,8,were
152,When,advmod,4,spoke
152,at,advmod,2,last
152,last,advmod,4,spoke
152,she,nsubj,4,spoke
152,spoke,advcl,8,were
152,",",punct,8,were
152,her,poss,7,qwords
152,qwords,nsubj,8,were
152,were,ROOT,-1,ROOT
152,heavy,acomp,8,were
152,and,cc,9,heavy
152,disjointed,conj,9,heavy
152,.,punct,8,were
153,When,advmod,4,spoke
153,at,advmod,2,last
153,last,advmod,4,spoke
153,she,nsubj,4,spoke
153,spoke,advcl,8,were
153,",",punct,8,were
153,her,poss,7,worlds
153,worlds,nsubj,8,were
153,were,ROOT,-1,ROOT
153,heavy,acomp,8,were
153,and,cc,9,heavy
153,disjointed,conj,9,heavy
153,.,punct,8,were
154,When,advmod,4,spoke
154,at,advmod,2,last
154,last,advmod,4,spoke
154,she,nsubj,4,spoke
154,spoke,advcl,8,were
154,",",punct,8,were
154,her,poss,7,works
154,works,nsubj,8,were
154,were,ROOT,-1,ROOT
154,heavy,acomp,8,were
154,and,cc,9,heavy
154,disjointed,conj,9,heavy
154,.,punct,8,were
155,When,advmod,4,spoke
155,at,advmod,4,spoke
155,last,pcomp,1,at
155,she,nsubj,4,spoke
155,spoke,advcl,9,heavy
155,",",punct,9,heavy
155,her,poss,7,words
155,words,nsubj,9,heavy
155,werw,amod,9,heavy
155,heavy,ROOT,-1,ROOT
155,and,cc,9,heavy
155,disjointed,conj,9,heavy
155,.,punct,9,heavy
157,When,advmod,4,spoke
157,at,advmod,4,spoke
157,last,pcomp,1,at
157,she,nsubj,4,spoke
157,spoke,advcl,8,wer
157,",",punct,8,wer
157,her,poss,7,words
157,words,nsubj,8,wer
157,wer,ROOT,-1,ROOT
157,heavy,acomp,8,wer
157,and,cc,9,heavy
157,disjointed,conj,9,heavy
157,.,punct,8,wer
158,When,advmod,4,spoke
158,at,advmod,2,last
158,last,advmod,4,spoke
158,she,nsubj,4,spoke
158,spoke,advcl,8,vere
158,",",punct,8,vere
158,her,poss,7,words
158,words,nsubj,8,vere
158,vere,ROOT,-1,ROOT
158,heavy,acomp,8,vere
158,and,cc,9,heavy
158,disjointed,conj,9,heavy
158,.,punct,8,vere
159,When,advmod,4,spoke
159,at,advmod,2,last
159,last,advmod,4,spoke
159,she,nsubj,4,spoke
159,spoke,advcl,8,was
159,",",punct,8,was
159,her,poss,7,words
159,words,nsubj,8,was
159,was,ROOT,-1,ROOT
159,heavy,acomp,8,was
159,and,cc,9,heavy
159,disjointed,conj,9,heavy
159,.,punct,8,was
160,When,advmod,4,spoke
160,at,advmod,2,last
160,last,advmod,4,spoke
160,she,nsubj,4,spoke
160,spoke,advcl,8,were
160,",",punct,8,were
160,her,poss,7,words
160,words,nsubj,8,were
160,were,ROOT,-1,ROOT
160,heary,acomp,8,were
160,and,cc,9,heary
160,disjointed,conj,9,heary
160,.,punct,8,were
161,When,advmod,4,spoke
161,at,advmod,2,last
161,last,advmod,4,spoke
161,she,nsubj,4,spoke
161,spoke,advcl,8,were
161,",",punct,8,were
161,her,poss,7,words
161,words,nsubj,8,were
161,were,ROOT,-1,ROOT
161,heave,acomp,8,were
161,and,cc,9,heave
161,disjointed,conj,9,heave
161,.,punct,8,were
162,When,advmod,4,spoke
162,at,advmod,2,last
162,last,advmod,4,spoke
162,she,nsubj,4,spoke
162,spoke,advcl,8,were
162,",",punct,8,were
162,her,poss,7,words
162,words,nsubj,8,were
162,were,ROOT,-1,ROOT
162,reavy,acomp,8,were
162,and,cc,9,reavy
162,disjointed,conj,9,reavy
162,.,punct,8,were
163,When,advmod,4,spoke
163,at,advmod,2,last
163,last,advmod,4,spoke
163,she,nsubj,4,spoke
163,spoke,advcl,8,were
163,",",punct,8,were
163,her,poss,7,words
163,words,nsubj,8,were
163,were,ROOT,-1,ROOT
163,heavy,amod,11,disjointed
163,um,intj,11,disjointed
163,disjointed,acomp,8,were
163,.,punct,8,were
164,When,advmod,4,spoke
164,at,advmod,4,spoke
164,last,pcomp,1,at
164,she,nsubj,4,spoke
164,spoke,advcl,8,were
164,",",punct,8,were
164,her,poss,7,words
164,words,nsubj,8,were
164,were,ROOT,-1,ROOT
164,heavy,acomp,8,were
164,amd,cc,9,heavy
164,disjointed,conj,9,heavy
164,.,punct,8,were
165,When,advmod,4,spoke
165,at,advmod,2,last
165,last,advmod,4,spoke
165,she,nsubj,4,spoke
165,spoke,advcl,8,were
165,",",punct,8,were
165,her,poss,7,words
165,words,nsubj,8,were
165,were,ROOT,-1,ROOT
165,heavy,acomp,8,were
165,&,cc,9,heavy
165,disjointed,conj,9,heavy
165,.,punct,8,were
166,When,advmod,4,spoke
166,at,advmod,4,spoke
166,last,pcomp,1,at
166,she,nsubj,4,spoke
166,spoke,advcl,8,were
166,",",punct,8,were
166,her,poss,7,words
166,words,nsubj,8,were
166,were,ROOT,-1,ROOT
166,heavy,amod,11,disjointed
166,ansd,advmod,11,disjointed
166,disjointed,acomp,8,were
166,.,punct,8,were
167,When,advmod,4,spoke
167,at,advmod,4,spoke
167,last,pcomp,1,at
167,she,nsubj,4,spoke
167,spoke,advcl,8,were
167,",",punct,8,were
167,her,poss,7,words
167,words,nsubj,8,were
167,were,ROOT,-1,ROOT
167,heavy,amod,11,disjointed
167,ou,advmod,11,disjointed
167,disjointed,acomp,8,were
167,.,punct,8,were
168,When,advmod,4,spoke
168,at,advmod,2,last
168,last,advmod,4,spoke
168,she,nsubj,4,spoke
168,spoke,advcl,8,were
168,",",punct,8,were
168,her,poss,7,words
168,words,nsubj,8,were
168,were,ROOT,-1,ROOT
168,heavy,acomp,8,were
168,and,cc,9,heavy
168,disjointed,conj,9,heavy
168,.,punct,8,were
169,Tha,det,1,road
169,road,nsubj,5,was
169,to,prep,1,road
169,the,det,4,coast
169,coast,pobj,2,to
169,was,ROOT,-1,ROOT
169,busy,acomp,5,was
169,with,prep,6,busy
169,traffic,pobj,7,with
169,in,prep,8,traffic
169,both,det,11,directions
169,directions,pobj,9,in
169,.,punct,5,was
170,Trhe,det,1,road
170,road,nsubj,5,was
170,to,prep,1,road
170,the,det,4,coast
170,coast,pobj,2,to
170,was,ROOT,-1,ROOT
170,busy,acomp,5,was
170,with,prep,6,busy
170,traffic,pobj,7,with
170,in,prep,8,traffic
170,both,det,11,directions
170,directions,pobj,9,in
170,.,punct,5,was
171,He,det,1,road
171,road,nsubj,5,was
171,to,prep,1,road
171,the,det,4,coast
171,coast,pobj,2,to
171,was,ROOT,-1,ROOT
171,busy,acomp,5,was
171,with,prep,6,busy
171,traffic,pobj,7,with
171,in,prep,8,traffic
171,both,det,11,directions
171,directions,pobj,9,in
171,.,punct,5,was
172,They,nmod,1,road
172,road,nsubj,5,was
172,to,prep,1,road
172,the,det,4,coast
172,coast,pobj,2,to
172,was,ROOT,-1,ROOT
172,busy,acomp,5,was
172,with,prep,6,busy
172,traffic,pobj,7,with
172,in,prep,8,traffic
172,both,det,11,directions
172,directions,pobj,9,in
172,.,punct,5,was
173,The,det,1,roud
173,roud,nsubj,5,was
173,to,prep,1,roud
173,the,det,4,coast
173,coast,pobj,2,to
173,was,ROOT,-1,ROOT
173,busy,acomp,5,was
173,with,prep,6,busy
173,traffic,pobj,7,with
173,in,prep,8,traffic
173,both,det,11,directions
173,directions,pobj,9,in
173,.,punct,5,was
174,The,det,1,rood
174,rood,nsubj,5,was
174,to,prep,1,rood
174,the,det,4,coast
174,coast,pobj,2,to
174,was,ROOT,-1,ROOT
174,busy,acomp,5,was
174,with,prep,6,busy
174,traffic,pobj,7,with
174,in,prep,8,traffic
174,both,det,11,directions
174,directions,pobj,9,in
174,.,punct,5,was
175,The,det,1,roade
175,roade,nsubj,5,was
175,to,prep,1,roade
175,the,det,4,coast
175,coast,pobj,2,to
175,was,ROOT,-1,ROOT
175,busy,acomp,5,was
175,with,prep,6,busy
175,traffic,pobj,7,with
175,in,prep,8,traffic
175,both,det,11,directions
175,directions,pobj,9,in
175,.,punct,5,was
176,The,det,1,Rd
176,Rd,nsubj,5,was
176,to,prep,1,Rd
176,the,det,4,coast
176,coast,pobj,2,to
176,was,ROOT,-1,ROOT
176,busy,acomp,5,was
176,with,prep,6,busy
176,traffic,pobj,7,with
176,in,prep,8,traffic
176,both,det,11,directions
176,directions,pobj,9,in
176,.,punct,5,was
177,The,det,1,road
177,road,nsubj,5,was
177,to,prep,1,road
177,th,det,4,coast
177,coast,pobj,2,to
177,was,ROOT,-1,ROOT
177,busy,acomp,5,was
177,with,prep,5,was
177,traffic,pobj,7,with
177,in,prep,8,traffic
177,both,det,11,directions
177,directions,pobj,9,in
177,.,punct,5,was
178,The,det,1,road
178,road,nsubj,5,was
178,to,prep,1,road
178,they,det,4,coast
178,coast,pobj,2,to
178,was,ROOT,-1,ROOT
178,busy,acomp,5,was
178,with,prep,6,busy
178,traffic,pobj,7,with
178,in,prep,8,traffic
178,both,det,11,directions
178,directions,pobj,9,in
178,.,punct,5,was
179,The,det,1,road
179,road,nsubj,5,was
179,to,prep,1,road
179,ht,compound,4,coast
179,coast,pobj,2,to
179,was,ROOT,-1,ROOT
179,busy,acomp,5,was
179,with,prep,6,busy
179,traffic,pobj,7,with
179,in,prep,8,traffic
179,both,det,11,directions
179,directions,pobj,9,in
179,.,punct,5,was
180,The,det,1,road
180,road,nsubj,5,was
180,to,prep,1,road
180,thr,det,4,coast
180,coast,pobj,2,to
180,was,ROOT,-1,ROOT
180,busy,acomp,5,was
180,with,prep,6,busy
180,traffic,pobj,7,with
180,in,prep,8,traffic
180,both,det,11,directions
180,directions,pobj,9,in
180,.,punct,5,was
181,The,det,1,road
181,road,nsubj,5,was
181,to,prep,1,road
181,thw,compound,4,coast
181,coast,pobj,2,to
181,was,ROOT,-1,ROOT
181,busy,acomp,5,was
181,with,prep,5,was
181,traffic,pobj,7,with
181,in,prep,8,traffic
181,both,det,11,directions
181,directions,pobj,9,in
181,.,punct,5,was
182,The,det,1,road
182,road,nsubj,5,was
182,to,prep,1,road
182,the,det,4,cost
182,cost,pobj,2,to
182,was,ROOT,-1,ROOT
182,busy,acomp,5,was
182,with,prep,5,was
182,traffic,pobj,7,with
182,in,prep,8,traffic
182,both,det,11,directions
182,directions,pobj,9,in
182,.,punct,5,was
183,The,det,1,road
183,road,nsubj,5,was
183,to,prep,1,road
183,the,det,4,coats
183,coats,pobj,2,to
183,was,ROOT,-1,ROOT
183,busy,acomp,5,was
183,with,prep,5,was
183,traffic,pobj,7,with
183,in,prep,8,traffic
183,both,det,11,directions
183,directions,pobj,9,in
183,.,punct,5,was
184,The,det,1,road
184,road,nsubj,5,was
184,to,prep,1,road
184,the,det,4,coat
184,coat,pobj,2,to
184,was,ROOT,-1,ROOT
184,busy,acomp,5,was
184,with,prep,5,was
184,traffic,pobj,7,with
184,in,prep,8,traffic
184,both,det,11,directions
184,directions,pobj,9,in
184,.,punct,5,was
185,The,det,1,road
185,road,nsubj,5,wass
185,to,prep,1,road
185,the,det,4,coast
185,coast,pobj,2,to
185,wass,ROOT,-1,ROOT
185,busy,acomp,5,wass
185,with,prep,6,busy
185,traffic,pobj,7,with
185,in,prep,8,traffic
185,both,det,11,directions
185,directions,pobj,9,in
185,.,punct,5,wass
186,The,det,1,road
186,road,nsubj,6,busy
186,to,prep,1,road
186,the,det,4,coast
186,coast,pobj,2,to
186,sas,advmod,6,busy
186,busy,ROOT,-1,ROOT
186,with,prep,6,busy
186,traffic,pobj,7,with
186,in,prep,8,traffic
186,both,det,11,directions
186,directions,pobj,9,in
186,.,punct,6,busy
188,The,det,1,road
188,road,nsubj,5,ware
188,to,prep,1,road
188,the,det,4,coast
188,coast,pobj,2,to
188,ware,ROOT,-1,ROOT
188,busy,acomp,5,ware
188,with,prep,6,busy
188,traffic,pobj,7,with
188,in,prep,8,traffic
188,both,det,11,directions
188,directions,pobj,9,in
188,.,punct,5,ware
189,The,det,1,road
189,road,nsubj,6,busying
189,to,prep,1,road
189,the,det,4,coast
189,coast,pobj,2,to
189,was,aux,6,busying
189,busying,ROOT,-1,ROOT
189,with,prep,6,busying
189,traffic,pobj,7,with
189,in,prep,8,traffic
189,both,det,11,directions
189,directions,pobj,9,in
189,.,punct,6,busying
191,The,det,1,road
191,road,nsubj,5,was
191,to,prep,1,road
191,the,det,4,coast
191,coast,pobj,2,to
191,was,ROOT,-1,ROOT
191,besy,acomp,5,was
191,with,prep,6,besy
191,traffic,pobj,7,with
191,in,prep,8,traffic
191,both,det,11,directions
191,directions,pobj,9,in
191,.,punct,5,was
192,The,det,1,road
192,road,nsubj,5,was
192,to,prep,1,road
192,the,det,4,coast
192,coast,pobj,2,to
192,was,ROOT,-1,ROOT
192,bussy,acomp,5,was
192,with,prep,6,bussy
192,traffic,pobj,7,with
192,in,prep,8,traffic
192,both,det,11,directions
192,directions,pobj,9,in
192,.,punct,5,was
193,The,det,1,road
193,road,nsubj,5,was
193,to,prep,1,road
193,the,det,4,coast
193,coast,pobj,2,to
193,was,ROOT,-1,ROOT
193,BUSI,acomp,5,was
193,with,prep,5,was
193,traffic,pobj,7,with
193,in,prep,8,traffic
193,both,det,11,directions
193,directions,pobj,9,in
193,.,punct,5,was
194,The,det,1,road
194,road,nsubj,5,was
194,to,prep,1,road
194,the,det,4,coast
194,coast,pobj,2,to
194,was,ROOT,-1,ROOT
194,busy,acomp,5,was
194,wkth,nmod,8,traffic
194,traffic,appos,1,road
194,in,prep,8,traffic
194,both,det,11,directions
194,directions,pobj,9,in
194,.,punct,5,was
195,The,det,1,road
195,road,nsubj,5,was
195,to,prep,1,road
195,the,det,4,coast
195,coast,pobj,2,to
195,was,ROOT,-1,ROOT
195,busy,acomp,5,was
195,wich,prep,5,was
195,traffic,pobj,7,wich
195,in,prep,5,was
195,both,det,11,directions
195,directions,pobj,9,in
195,.,punct,5,was
196,The,det,1,road
196,road,nsubj,5,was
196,to,prep,1,road
196,the,det,4,coast
196,coast,pobj,2,to
196,was,ROOT,-1,ROOT
196,busy,acomp,5,was
196,whi,dep,8,traffic
196,traffic,appos,1,road
196,in,prep,8,traffic
196,both,det,11,directions
196,directions,pobj,9,in
196,.,punct,5,was
197,The,det,1,road
197,road,nsubj,5,was
197,to,prep,1,road
197,the,det,4,coast
197,coast,pobj,2,to
197,was,ROOT,-1,ROOT
197,busy,acomp,5,was
197,wth,prep,5,was
197,traffic,pobj,7,wth
197,in,prep,8,traffic
197,both,det,11,directions
197,directions,pobj,9,in
197,.,punct,5,was
198,The,det,1,road
198,road,nsubj,5,was
198,to,prep,1,road
198,the,det,4,coast
198,coast,pobj,2,to
198,was,ROOT,-1,ROOT
198,busy,acomp,5,was
198,wist,compound,8,traffic
198,traffic,appos,1,road
198,in,prep,8,traffic
198,both,det,11,directions
198,directions,pobj,9,in
198,.,punct,5,was
199,The,det,1,road
199,road,nsubj,5,was
199,to,prep,1,road
199,the,det,4,coast
199,coast,pobj,2,to
199,was,ROOT,-1,ROOT
199,busy,acomp,5,was
199,with,prep,5,was
199,traffi,pobj,7,with
199,in,prep,8,traffi
199,both,det,11,directions
199,directions,pobj,9,in
199,.,punct,5,was
200,The,det,1,road
200,road,nsubj,5,was
200,to,prep,1,road
200,the,det,4,coast
200,coast,pobj,2,to
200,was,ROOT,-1,ROOT
200,busy,acomp,5,was
200,with,prep,6,busy
200,traffic,pobj,7,with
200,in,prep,8,traffic
200,doth,det,11,directions
200,directions,pobj,9,in
200,.,punct,5,was
201,The,det,1,road
201,road,nsubj,5,was
201,to,prep,1,road
201,the,det,4,coast
201,coast,pobj,2,to
201,was,ROOT,-1,ROOT
201,busy,acomp,5,was
201,with,prep,6,busy
201,traffic,pobj,7,with
201,in,prep,8,traffic
201,broth,compound,11,directions
201,directions,pobj,9,in
201,.,punct,5,was
202,The,det,1,road
202,road,nsubj,5,was
202,to,prep,1,road
202,the,det,4,coast
202,coast,pobj,2,to
202,was,ROOT,-1,ROOT
202,busy,acomp,5,was
202,with,prep,5,was
202,traffic,pobj,7,with
202,in,prep,8,traffic
202,bosh,compound,11,directions
202,directions,pobj,9,in
202,.,punct,5,was
203,The,det,1,road
203,road,nsubj,5,was
203,to,prep,1,road
203,the,det,4,coast
203,coast,pobj,2,to
203,was,ROOT,-1,ROOT
203,busy,acomp,5,was
203,with,prep,6,busy
203,traffic,pobj,7,with
203,in,prep,8,traffic
203,borth,det,11,directions
203,directions,pobj,9,in
203,.,punct,5,was
204,The,det,1,road
204,road,nsubj,5,was
204,to,prep,1,road
204,the,det,4,coast
204,coast,pobj,2,to
204,was,ROOT,-1,ROOT
204,busy,acomp,5,was
204,with,prep,6,busy
204,traffic,pobj,7,with
204,in,prep,8,traffic
204,bot,compound,11,directions
204,directions,pobj,9,in
204,.,punct,5,was
205,The,det,1,road
205,road,nsubj,5,was
205,to,prep,1,road
205,the,det,4,coast
205,coast,pobj,2,to
205,was,ROOT,-1,ROOT
205,busy,acomp,5,was
205,with,prep,5,was
205,traffic,pobj,7,with
205,in,prep,5,was
205,both,det,11,directoins
205,directoins,pobj,9,in
205,.,punct,5,was
206,The,det,1,road
206,road,nsubj,5,was
206,to,prep,1,road
206,the,det,4,coast
206,coast,pobj,2,to
206,was,ROOT,-1,ROOT
206,busy,acomp,5,was
206,with,prep,6,busy
206,traffic,pobj,7,with
206,in,prep,8,traffic
206,both,det,11,direction
206,direction,pobj,9,in
206,.,punct,5,was
207,The,det,1,road
207,road,nsubj,5,was
207,to,prep,1,road
207,the,det,4,coast
207,coast,pobj,2,to
207,was,ROOT,-1,ROOT
207,busy,acomp,5,was
207,with,prep,5,was
207,traffic,pobj,7,with
207,in,prep,5,was
207,both,det,11,dirrrections
207,dirrrections,pobj,9,in
207,.,punct,5,was
208,Yhe,nmod,2,date
208,expected,amod,2,date
208,date,nsubj,3,came
208,came,ROOT,-1,ROOT
208,and,cc,3,came
208,went,conj,3,came
208,.,punct,3,came
209,Tge,nmod,2,date
209,expected,amod,2,date
209,date,nsubj,3,came
209,came,ROOT,-1,ROOT
209,and,cc,3,came
209,went,conj,3,came
209,.,punct,3,came
210,Tha,det,2,date
210,expected,amod,2,date
210,date,nsubj,3,came
210,came,ROOT,-1,ROOT
210,and,cc,3,came
210,went,conj,3,came
210,.,punct,3,came
211,VThe,det,2,date
211,expected,amod,2,date
211,date,nsubj,3,came
211,came,ROOT,-1,ROOT
211,and,cc,3,came
211,went,conj,3,came
211,.,punct,3,came
212,He,nmod,2,date
212,expected,amod,2,date
212,date,nsubj,3,came
212,came,ROOT,-1,ROOT
212,and,cc,3,came
212,went,conj,3,came
212,.,punct,3,came
213,The,det,2,date
213,espected,amod,2,date
213,date,nsubj,3,came
213,came,ROOT,-1,ROOT
213,and,cc,3,came
213,went,conj,3,came
213,.,punct,3,came
214,The,det,2,date
214,expectted,amod,2,date
214,date,nsubj,3,came
214,came,ROOT,-1,ROOT
214,and,cc,3,came
214,went,conj,3,came
214,.,punct,3,came
215,The,det,2,date
215,expecto,compound,2,date
215,date,nsubj,3,came
215,came,ROOT,-1,ROOT
215,and,cc,3,came
215,went,conj,3,came
215,.,punct,3,came
216,The,det,2,dat
216,expected,amod,2,dat
216,dat,nsubj,3,came
216,came,ROOT,-1,ROOT
216,and,cc,3,came
216,went,conj,3,came
216,.,punct,3,came
217,The,det,2,adate
217,expected,amod,2,adate
217,adate,nsubj,3,came
217,came,ROOT,-1,ROOT
217,and,cc,3,came
217,went,conj,3,came
217,.,punct,3,came
218,The,det,2,data
218,expected,amod,2,data
218,data,nsubj,3,came
218,came,ROOT,-1,ROOT
218,and,cc,3,came
218,went,conj,3,came
218,.,punct,3,came
219,The,det,2,date
219,expected,amod,2,date
219,date,nsubj,3,come
219,come,ROOT,-1,ROOT
219,and,cc,3,come
219,went,conj,3,come
219,.,punct,3,come
220,The,det,2,date
220,expected,amod,2,date
220,date,nsubj,3,coem
220,coem,ROOT,-1,ROOT
220,and,cc,3,coem
220,went,conj,3,coem
220,.,punct,3,coem
221,The,det,2,date
221,expected,amod,2,date
221,date,nsubj,3,cam
221,cam,ROOT,-1,ROOT
221,and,cc,3,cam
221,went,conj,3,cam
221,.,punct,3,cam
222,The,det,2,date
222,expected,amod,2,date
222,date,nsubj,3,cae
222,cae,ROOT,-1,ROOT
222,and,cc,3,cae
222,went,conj,3,cae
222,.,punct,5,went
223,The,det,2,date
223,expected,amod,2,date
223,date,nsubj,3,came
223,came,ROOT,-1,ROOT
223,et,dep,5,went
223,went,dep,3,came
223,.,punct,3,came
224,The,det,2,date
224,expected,amod,2,date
224,date,nsubj,3,came
224,came,ROOT,-1,ROOT
224,andave,cc,3,came
224,went,conj,3,came
224,.,punct,5,went
225,The,det,2,date
225,expected,amod,2,date
225,date,nsubj,3,came
225,came,ROOT,-1,ROOT
225,at,prep,3,came
225,went,dep,3,came
225,.,punct,3,came
226,The,det,2,date
226,expected,amod,2,date
226,date,nsubj,3,came
226,came,ROOT,-1,ROOT
226,Ande,dep,5,went
226,went,dep,3,came
226,.,punct,3,came
227,The,det,2,date
227,expected,amod,2,date
227,date,nsubj,3,came
227,came,ROOT,-1,ROOT
227,as,mark,5,went
227,went,advcl,3,came
227,.,punct,3,came
228,The,det,2,date
228,expected,amod,2,date
228,date,nsubj,3,came
228,came,ROOT,-1,ROOT
228,and,cc,3,came
228,wen,conj,3,came
228,.,punct,3,came
229,The,det,2,date
229,expected,amod,2,date
229,date,nsubj,3,came
229,came,ROOT,-1,ROOT
229,and,cc,3,came
229,wend,conj,3,came
229,.,punct,3,came
230,The,det,2,date
230,expected,amod,2,date
230,date,nsubj,3,came
230,came,ROOT,-1,ROOT
230,and,cc,3,came
230,wento,conj,3,came
230,.,punct,3,came
231,The,det,2,date
231,expected,amod,2,date
231,date,nsubj,3,came
231,came,ROOT,-1,ROOT
231,and,cc,3,came
231,vent,conj,3,came
231,.,punct,3,came
232,Sha,nsubj,1,sighed
232,sighed,ROOT,-1,ROOT
232,at,prep,1,sighed
232,the,det,4,irony
232,irony,pobj,2,at
232,of,prep,4,irony
232,it,pobj,5,of
232,all,appos,6,it
232,",",punct,4,irony
232,the,det,10,waste
232,waste,appos,4,irony
232,of,prep,10,waste
232,it,pobj,11,of
232,all,appos,12,it
232,.,punct,1,sighed
234,SHe,nsubj,1,sighed
234,sighed,ROOT,-1,ROOT
234,at,prep,1,sighed
234,the,det,4,irony
234,irony,pobj,2,at
234,of,prep,4,irony
234,it,pobj,5,of
234,all,appos,6,it
234,",",punct,4,irony
234,the,det,10,waste
234,waste,appos,4,irony
234,of,prep,10,waste
234,it,pobj,11,of
234,all,appos,12,it
234,.,punct,1,sighed
235,Shi,nsubj,1,sighed
235,sighed,ROOT,-1,ROOT
235,at,prep,1,sighed
235,the,det,4,irony
235,irony,pobj,2,at
235,of,prep,4,irony
235,it,pobj,5,of
235,all,appos,6,it
235,",",punct,4,irony
235,the,det,10,waste
235,waste,appos,4,irony
235,of,prep,10,waste
235,it,pobj,11,of
235,all,appos,12,it
235,.,punct,1,sighed
236,She,nsubj,1,sighed
236,sighed,ROOT,-1,ROOT
236,at,prep,1,sighed
236,the,det,4,irony
236,irony,pobj,2,at
236,of,prep,4,irony
236,it,pobj,5,of
236,all,appos,6,it
236,",",punct,4,irony
236,the,det,10,waste
236,waste,appos,4,irony
236,of,prep,10,waste
236,it,pobj,11,of
236,all,appos,12,it
236,.,punct,1,sighed
237,She,nsubj,1,sighed
237,sighed,ROOT,-1,ROOT
237,at,prep,1,sighed
237,the,det,4,irony
237,irony,pobj,2,at
237,of,prep,4,irony
237,it,pobj,5,of
237,all,appos,6,it
237,",",punct,4,irony
237,the,det,10,waste
237,waste,appos,4,irony
237,of,prep,10,waste
237,it,pobj,11,of
237,all,appos,12,it
237,.,punct,1,sighed
238,She,nsubj,1,sighed
238,sighed,ROOT,-1,ROOT
238,at,prep,1,sighed
238,the,det,4,irony
238,irony,pobj,2,at
238,of,prep,4,irony
238,it,pobj,5,of
238,all,appos,6,it
238,",",punct,4,irony
238,the,det,10,waset
238,waset,appos,4,irony
238,of,prep,10,waset
238,it,pobj,11,of
238,all,appos,12,it
238,.,punct,1,sighed
239,She,nsubj,1,sighed
239,sighed,ROOT,-1,ROOT
239,at,prep,1,sighed
239,the,det,4,irony
239,irony,pobj,2,at
239,of,prep,4,irony
239,it,pobj,5,of
239,all,appos,6,it
239,",",punct,4,irony
239,the,det,10,waiste
239,waiste,appos,4,irony
239,of,prep,10,waiste
239,it,pobj,11,of
239,all,appos,12,it
239,.,punct,1,sighed
240,She,nsubj,1,sighed
240,sighed,ROOT,-1,ROOT
240,at,prep,1,sighed
240,the,det,4,irony
240,irony,pobj,2,at
240,of,prep,4,irony
240,it,pobj,5,of
240,all,appos,6,it
240,",",punct,4,irony
240,the,det,10,watste
240,watste,appos,4,irony
240,of,prep,10,watste
240,it,pobj,11,of
240,all,appos,12,it
240,.,punct,1,sighed
241,She,nsubj,1,sighed
241,sighed,ROOT,-1,ROOT
241,at,prep,1,sighed
241,the,det,4,irony
241,irony,pobj,2,at
241,of,prep,4,irony
241,it,pobj,5,of
241,all,appos,6,it
241,",",punct,4,irony
241,the,det,10,waist
241,waist,appos,4,irony
241,of,prep,10,waist
241,it,pobj,11,of
241,all,appos,12,it
241,.,punct,1,sighed
242,Alle,advcl,6,stopped
242,through,prep,0,Alle
242,August,pobj,1,through
242,the,det,4,rain
242,rain,nsubj,6,stopped
242,hardly,advmod,6,stopped
242,stopped,ROOT,-1,ROOT
242,.,punct,6,stopped
243,All,advmod,1,through
243,through,prep,6,stopped
243,August,pobj,1,through
243,the,det,4,rain
243,rain,nsubj,6,stopped
243,hardly,advmod,6,stopped
243,stopped,ROOT,-1,ROOT
243,.,punct,6,stopped
244,Alll,advmod,1,through
244,through,prep,6,stopped
244,August,pobj,1,through
244,the,det,4,rain
244,rain,nsubj,6,stopped
244,hardly,advmod,6,stopped
244,stopped,ROOT,-1,ROOT
244,.,punct,6,stopped
245,All,advmod,1,throgh
245,throgh,npadvmod,6,stopped
245,August,pobj,1,throgh
245,the,det,4,rain
245,rain,nsubj,6,stopped
245,hardly,advmod,6,stopped
245,stopped,ROOT,-1,ROOT
245,.,punct,6,stopped
247,All,det,2,August
247,thhriugh,compound,2,August
247,August,npadvmod,6,stopped
247,the,det,4,rain
247,rain,nsubj,6,stopped
247,hardly,advmod,6,stopped
247,stopped,ROOT,-1,ROOT
247,.,punct,6,stopped
248,All,det,1,througth
248,througth,compound,2,August
248,August,npadvmod,6,stopped
248,the,det,4,rain
248,rain,nsubj,6,stopped
248,hardly,advmod,6,stopped
248,stopped,ROOT,-1,ROOT
248,.,punct,6,stopped
249,All,det,1,throuhg
249,throuhg,compound,2,August
249,August,npadvmod,6,stopped
249,the,det,4,rain
249,rain,nsubj,6,stopped
249,hardly,advmod,6,stopped
249,stopped,ROOT,-1,ROOT
249,.,punct,6,stopped
250,All,advmod,1,through
250,through,prep,6,stopped
250,Agust,pobj,1,through
250,the,det,4,rain
250,rain,nsubj,6,stopped
250,hardly,advmod,6,stopped
250,stopped,ROOT,-1,ROOT
250,.,punct,6,stopped
251,All,advmod,1,through
251,through,prep,6,stopped
251,Agost,pobj,1,through
251,the,det,4,rain
251,rain,nsubj,6,stopped
251,hardly,advmod,6,stopped
251,stopped,ROOT,-1,ROOT
251,.,punct,6,stopped
252,All,advmod,1,through
252,through,prep,6,stopped
252,Agusto,pobj,1,through
252,the,det,4,rain
252,rain,nsubj,6,stopped
252,hardly,advmod,6,stopped
252,stopped,ROOT,-1,ROOT
252,.,punct,6,stopped
253,All,advmod,1,through
253,through,prep,6,stopped
253,Augost,pobj,1,through
253,the,det,4,rain
253,rain,nsubj,6,stopped
253,hardly,advmod,6,stopped
253,stopped,ROOT,-1,ROOT
253,.,punct,6,stopped
254,All,advmod,1,through
254,through,prep,6,stopped
254,August,pobj,1,through
254,5the,pobj,1,through
254,rain,nsubj,6,stopped
254,hardly,advmod,6,stopped
254,stopped,ROOT,-1,ROOT
254,.,punct,6,stopped
255,All,advmod,1,through
255,through,prep,6,stopped
255,August,pobj,1,through
255,thez,det,4,rain
255,rain,nsubj,6,stopped
255,hardly,advmod,6,stopped
255,stopped,ROOT,-1,ROOT
255,.,punct,6,stopped
256,All,advmod,1,through
256,through,prep,6,stopped
256,August,pobj,1,through
256,ghe,det,4,rain
256,rain,nsubj,6,stopped
256,hardly,advmod,6,stopped
256,stopped,ROOT,-1,ROOT
256,.,punct,6,stopped
257,All,advmod,1,through
257,through,prep,6,stopped
257,August,pobj,1,through
257,tehe,det,4,rain
257,rain,nsubj,6,stopped
257,hardly,advmod,6,stopped
257,stopped,ROOT,-1,ROOT
257,.,punct,6,stopped
258,All,advmod,1,through
258,through,prep,6,stopped
258,August,compound,3,dth
258,dth,pobj,1,through
258,rain,nsubj,6,stopped
258,hardly,advmod,6,stopped
258,stopped,ROOT,-1,ROOT
258,.,punct,6,stopped
259,All,advmod,1,through
259,through,prep,6,stopped
259,August,pobj,1,through
259,the,det,4,raiin
259,raiin,nsubj,6,stopped
259,hardly,advmod,6,stopped
259,stopped,ROOT,-1,ROOT
259,.,punct,6,stopped
260,All,advmod,1,through
260,through,prep,6,stopped
260,August,pobj,1,through
260,the,det,4,raining
260,raining,nsubj,6,stopped
260,hardly,advmod,6,stopped
260,stopped,ROOT,-1,ROOT
260,.,punct,6,stopped
261,All,advmod,1,through
261,through,prep,6,stopped
261,August,pobj,1,through
261,the,det,4,rains
261,rains,nsubj,6,stopped
261,hardly,advmod,6,stopped
261,stopped,ROOT,-1,ROOT
261,.,punct,6,stopped
262,All,advmod,1,through
262,through,prep,6,stopped
262,August,pobj,1,through
262,the,det,4,fain
262,fain,nsubj,6,stopped
262,hardly,advmod,6,stopped
262,stopped,ROOT,-1,ROOT
262,.,punct,6,stopped
263,All,advmod,1,through
263,through,prep,6,stopped
263,August,pobj,1,through
263,the,det,4,rain
263,rain,nsubj,6,stopped
263,herdly,advmod,6,stopped
263,stopped,ROOT,-1,ROOT
263,.,punct,6,stopped
264,All,advmod,1,through
264,through,prep,6,stoppes
264,August,pobj,1,through
264,the,det,4,rain
264,rain,nsubj,6,stoppes
264,hardly,advmod,6,stoppes
264,stoppes,ROOT,-1,ROOT
264,.,punct,6,stoppes
265,All,advmod,1,through
265,through,prep,6,stoped
265,August,pobj,1,through
265,the,det,4,rain
265,rain,nsubj,6,stoped
265,hardly,advmod,6,stoped
265,stoped,ROOT,-1,ROOT
265,.,punct,6,stoped
266,All,advmod,1,through
266,through,prep,6,sstopped
266,August,pobj,1,through
266,the,det,4,rain
266,rain,nsubj,6,sstopped
266,hardly,advmod,6,sstopped
266,sstopped,ROOT,-1,ROOT
266,.,punct,6,sstopped
267,All,advmod,1,through
267,through,prep,6,stop
267,August,pobj,1,through
267,the,det,4,rain
267,rain,nsubj,6,stop
267,hardly,advmod,6,stop
267,stop,ROOT,-1,ROOT
267,.,punct,6,stop
268,Thinks,ROOT,-1,ROOT
268,the,det,2,gods
268,gods,nsubj,0,Thinks
268,he,nsubj,6,have
268,did,aux,6,have
268,n't,neg,6,have
268,have,ccomp,0,Thinks
268,to,aux,8,know
268,know,xcomp,6,have
268,of,prep,8,know
268,this,pobj,9,of
268,.,punct,0,Thinks
269,Tanky,dep,6,have
269,the,det,2,gods
269,gods,npadvmod,0,Tanky
269,he,nsubj,6,have
269,did,aux,6,have
269,n't,neg,6,have
269,have,ROOT,-1,ROOT
269,to,aux,8,know
269,know,xcomp,6,have
269,of,prep,8,know
269,this,pobj,9,of
269,.,punct,6,have
270,Think,ROOT,-1,ROOT
270,the,det,2,gods
270,gods,dobj,0,Think
270,he,nsubj,6,have
270,did,aux,6,have
270,n't,neg,6,have
270,have,ccomp,0,Think
270,to,aux,8,know
270,know,xcomp,6,have
270,of,prep,8,know
270,this,pobj,9,of
270,.,punct,0,Think
271,Thak,dep,6,have
271,the,det,2,gods
271,gods,dobj,0,Thak
271,he,nsubj,6,have
271,did,aux,6,have
271,n't,neg,6,have
271,have,ROOT,-1,ROOT
271,to,aux,8,know
271,know,xcomp,6,have
271,of,prep,8,know
271,this,pobj,9,of
271,.,punct,6,have
272,Thank,ROOT,-1,ROOT
272,there,poss,2,gods
272,gods,dobj,0,Thank
272,he,nsubj,6,have
272,did,aux,6,have
272,n't,neg,6,have
272,have,ccomp,0,Thank
272,to,aux,8,know
272,know,xcomp,6,have
272,of,prep,8,know
272,this,pobj,9,of
272,.,punct,0,Thank
273,Thank,ROOT,-1,ROOT
273,tho,det,2,gods
273,gods,dobj,0,Thank
273,he,nsubj,6,have
273,did,aux,6,have
273,n't,neg,6,have
273,have,ccomp,0,Thank
273,to,aux,8,know
273,know,xcomp,6,have
273,of,prep,8,know
273,this,pobj,9,of
273,.,punct,0,Thank
274,Thank,ROOT,-1,ROOT
274,teh,det,2,gods
274,gods,dobj,0,Thank
274,he,nsubj,6,have
274,did,aux,6,have
274,n't,neg,6,have
274,have,ccomp,0,Thank
274,to,aux,8,know
274,know,xcomp,6,have
274,of,prep,8,know
274,this,pobj,9,of
274,.,punct,0,Thank
275,Thank,ROOT,-1,ROOT
275,the,det,2,dogs
275,dogs,dobj,0,Thank
275,he,nsubj,6,have
275,did,aux,6,have
275,n't,neg,6,have
275,have,ccomp,0,Thank
275,to,aux,8,know
275,know,xcomp,6,have
275,of,prep,8,know
275,this,pobj,9,of
275,.,punct,0,Thank
284,Thank,ROOT,-1,ROOT
284,the,det,2,gods
284,gods,dobj,0,Thank
284,he,nsubj,6,hav
284,did,aux,6,hav
284,n't,neg,6,hav
284,hav,ccomp,0,Thank
284,to,aux,8,know
284,know,xcomp,6,hav
284,of,prep,8,know
284,this,pobj,9,of
284,.,punct,0,Thank
285,Thank,ROOT,-1,ROOT
285,the,det,2,gods
285,gods,dobj,0,Thank
285,he,nsubj,6,Hve
285,did,aux,6,Hve
285,n't,neg,6,Hve
285,Hve,ccomp,0,Thank
285,to,aux,8,know
285,know,xcomp,6,Hve
285,of,prep,8,know
285,this,pobj,9,of
285,.,punct,0,Thank
286,Thank,ROOT,-1,ROOT
286,the,det,2,gods
286,gods,dobj,0,Thank
286,he,nsubj,6,yave
286,did,aux,6,yave
286,n't,neg,6,yave
286,yave,ccomp,0,Thank
286,to,aux,8,know
286,know,xcomp,6,yave
286,of,prep,8,know
286,this,pobj,9,of
286,.,punct,0,Thank
287,Thank,ROOT,-1,ROOT
287,the,det,2,gods
287,gods,dobj,0,Thank
287,he,nsubj,6,hamve
287,did,aux,6,hamve
287,n't,neg,6,hamve
287,hamve,ccomp,0,Thank
287,to,aux,8,know
287,know,advcl,6,hamve
287,of,prep,8,know
287,this,pobj,9,of
287,.,punct,0,Thank
288,Thank,ROOT,-1,ROOT
288,the,det,2,gods
288,gods,dobj,0,Thank
288,he,nsubj,6,having
288,did,aux,6,having
288,n't,neg,6,having
288,having,ccomp,0,Thank
288,to,aux,8,know
288,know,xcomp,6,having
288,of,prep,8,know
288,this,pobj,9,of
288,.,punct,0,Thank
289,Thank,ROOT,-1,ROOT
289,the,det,2,gods
289,gods,dobj,0,Thank
289,he,nsubj,6,have
289,did,aux,6,have
289,n't,neg,6,have
289,have,ccomp,0,Thank
289,to,prep,6,have
289,no,dep,7,to
289,of,prep,6,have
289,this,pobj,9,of
289,.,punct,0,Thank
290,Thank,ROOT,-1,ROOT
290,the,det,2,gods
290,gods,dobj,0,Thank
290,he,nsubj,6,have
290,did,aux,6,have
290,n't,neg,6,have
290,have,ccomp,0,Thank
290,to,aux,8,kwow
290,kwow,xcomp,6,have
290,of,prep,6,have
290,this,pobj,9,of
290,.,punct,0,Thank
291,Thank,ROOT,-1,ROOT
291,the,det,2,gods
291,gods,dobj,0,Thank
291,he,nsubj,6,have
291,did,aux,6,have
291,n't,neg,6,have
291,have,ccomp,0,Thank
291,to,aux,8,knowd
291,knowd,xcomp,6,have
291,of,prep,8,knowd
291,this,pobj,9,of
291,.,punct,0,Thank
292,Thank,ROOT,-1,ROOT
292,the,det,2,gods
292,gods,dobj,0,Thank
292,he,nsubj,6,have
292,did,aux,6,have
292,n't,neg,6,have
292,have,ccomp,0,Thank
292,to,aux,8,kmow
292,kmow,xcomp,6,have
292,of,prep,8,kmow
292,this,pobj,9,of
292,.,punct,0,Thank
293,Thank,ROOT,-1,ROOT
293,the,det,2,gods
293,gods,dobj,0,Thank
293,he,nsubj,6,have
293,did,aux,6,have
293,n't,neg,6,have
293,have,ccomp,0,Thank
293,to,aux,8,knaw
293,knaw,xcomp,6,have
293,of,prep,8,knaw
293,this,pobj,9,of
293,.,punct,0,Thank
294,Thank,ROOT,-1,ROOT
294,the,det,2,gods
294,gods,dobj,0,Thank
294,he,nsubj,6,have
294,did,aux,6,have
294,n't,neg,6,have
294,have,ccomp,0,Thank
294,to,aux,8,know
294,know,xcomp,6,have
294,of,prep,8,know
294,DIS,pobj,9,of
294,.,punct,0,Thank
295,Thank,ROOT,-1,ROOT
295,the,det,2,gods
295,gods,dobj,0,Thank
295,he,nsubj,6,have
295,did,aux,6,have
295,n't,neg,6,have
295,have,ccomp,0,Thank
295,to,aux,8,know
295,know,xcomp,6,have
295,of,prep,8,know
295,his,pobj,9,of
295,.,punct,0,Thank
296,Thank,ROOT,-1,ROOT
296,the,det,2,gods
296,gods,dobj,0,Thank
296,he,nsubj,6,have
296,did,aux,6,have
296,n't,neg,6,have
296,have,ccomp,0,Thank
296,to,aux,8,know
296,know,xcomp,6,have
296,of,prep,8,know
296,thise,pobj,9,of
296,.,punct,0,Thank
297,Thank,ROOT,-1,ROOT
297,the,det,2,gods
297,gods,dobj,0,Thank
297,he,nsubj,6,have
297,did,aux,6,have
297,n't,neg,6,have
297,have,ccomp,0,Thank
297,to,aux,8,know
297,know,xcomp,6,have
297,of,prep,8,know
297,ti,pobj,9,of
297,.,punct,0,Thank
298,Thank,ROOT,-1,ROOT
298,the,det,2,gods
298,gods,dobj,0,Thank
298,he,nsubj,6,have
298,did,aux,6,have
298,n't,neg,6,have
298,have,ccomp,0,Thank
298,to,aux,8,know
298,know,xcomp,6,have
298,of,prep,8,know
298,thhis,pobj,9,of
298,.,punct,0,Thank
