sentence,labeled_precision,labeled_recall,correct_gold_subtrees,labeled_f1_score,total_gold_subtrees,total_test_subtrees,unlabeled_precision,unlabeled_recall,unlabeled_f1_score,correct_gold_spans,total_gold_spans,total_test_spans,errors.PP,errors.S,confusion.PP.SBAR,confusion.PP.PP,confusion.S.S,confusion.NP.NP,confusion.VP.VP,confusion.PP.VP,errors.NP,errors.VP,confusion.S.NP,confusion.PP.S,confusion.NP.ADVP,errors.ADJP,confusion.PP.ADVP,confusion.VP.NP,confusion.S.VP,errors.SBAR,confusion.SBAR.NP,confusion.ADJP.ADJP,confusion.SBAR.SBAR,confusion.PP.NP,confusion.S.SBAR,confusion.PP.ADJP,confusion.ADJP.VP,confusion.S.UCP,confusion.ADVP.ADVP,confusion.NP.PP,confusion.S.SINV,confusion.VP.ADJP
"As the walked past it , the driver 's glass started to open .",0.9230769230769231,0.8571428571428571,12,0.888888888888889,14,13,1.0,0.9285714285714286,0.962962962962963,13,14,13,1.0,1.0,1.0,1.0,3.0,4.0,4.0,0.0,0.0,0.0,0.0,0.0,0.0,0.0,0.0,0.0,0.0,0.0,0.0,0.0,0.0,0.0,0.0,0.0,0.0,0.0,0.0,0.0,0.0,0.0
"As Shi walked past it , the driver 's glass started to open .",0.9230769230769231,0.8571428571428571,12,0.888888888888889,14,13,1.0,0.9285714285714286,0.962962962962963,13,14,13,1.0,1.0,1.0,1.0,3.0,4.0,4.0,0.0,0.0,0.0,0.0,0.0,0.0,0.0,0.0,0.0,0.0,0.0,0.0,0.0,0.0,0.0,0.0,0.0,0.0,0.0,0.0,0.0,0.0,0.0
"As He walked past it , the driver 's glass started to open .",0.9230769230769231,0.8571428571428571,12,0.888888888888889,14,13,1.0,0.9285714285714286,0.962962962962963,13,14,13,1.0,1.0,1.0,1.0,3.0,4.0,4.0,0.0,0.0,0.0,0.0,0.0,0.0,0.0,0.0,0.0,0.0,0.0,0.0,0.0,0.0,0.0,0.0,0.0,0.0,0.0,0.0,0.0,0.0,0.0
"As sha walked past it , the driver 's glass started to open .",0.9230769230769231,0.8571428571428571,12,0.888888888888889,14,13,1.0,0.9285714285714286,0.962962962962963,13,14,13,1.0,1.0,1.0,1.0,3.0,4.0,4.0,0.0,0.0,0.0,0.0,0.0,0.0,0.0,0.0,0.0,0.0,0.0,0.0,0.0,0.0,0.0,0.0,0.0,0.0,0.0,0.0,0.0,0.0,0.0
"As she wakld past it , the driver 's glass started to open .",0.9230769230769231,0.8571428571428571,12,0.888888888888889,14,13,1.0,0.9285714285714286,0.962962962962963,13,14,13,1.0,1.0,1.0,1.0,3.0,4.0,4.0,0.0,0.0,0.0,0.0,0.0,0.0,0.0,0.0,0.0,0.0,0.0,0.0,0.0,0.0,0.0,0.0,0.0,0.0,0.0,0.0,0.0,0.0,0.0
"As she walked pst it , the driver 's glass started to open .",0.8461538461538461,0.7857142857142857,11,0.8148148148148148,14,13,0.9230769230769231,0.8571428571428571,0.888888888888889,12,14,13,2.0,1.0,1.0,0.0,3.0,4.0,4.0,0.0,0.0,0.0,0.0,0.0,0.0,0.0,0.0,0.0,0.0,0.0,0.0,0.0,0.0,0.0,0.0,0.0,0.0,0.0,0.0,0.0,0.0,0.0
"As she walked pas it , the driver 's glass started to open .",0.8461538461538461,0.7857142857142857,11,0.8148148148148148,14,13,0.9230769230769231,0.8571428571428571,0.888888888888889,12,14,13,2.0,1.0,1.0,0.0,3.0,4.0,4.0,0.0,0.0,0.0,0.0,0.0,0.0,0.0,0.0,0.0,0.0,0.0,0.0,0.0,0.0,0.0,0.0,0.0,0.0,0.0,0.0,0.0,0.0,0.0
"As she walked pasto it , the driver 's glass started to open .",0.8461538461538461,0.7857142857142857,11,0.8148148148148148,14,13,0.9230769230769231,0.8571428571428571,0.888888888888889,12,14,13,2.0,1.0,1.0,0.0,3.0,4.0,4.0,0.0,0.0,0.0,0.0,0.0,0.0,0.0,0.0,0.0,0.0,0.0,0.0,0.0,0.0,0.0,0.0,0.0,0.0,0.0,0.0,0.0,0.0,0.0
"As she walked pass it , the driver 's glass started to open .",0.8461538461538461,0.7857142857142857,11,0.8148148148148148,14,13,1.0,0.9285714285714286,0.962962962962963,13,14,13,2.0,1.0,1.0,0.0,3.0,4.0,4.0,1.0,0.0,0.0,0.0,0.0,0.0,0.0,0.0,0.0,0.0,0.0,0.0,0.0,0.0,0.0,0.0,0.0,0.0,0.0,0.0,0.0,0.0,0.0
"As she walked past it , thhe driver 's glass started to open .",0.9230769230769231,0.8571428571428571,12,0.888888888888889,14,13,1.0,0.9285714285714286,0.962962962962963,13,14,13,1.0,1.0,1.0,1.0,3.0,4.0,4.0,0.0,0.0,0.0,0.0,0.0,0.0,0.0,0.0,0.0,0.0,0.0,0.0,0.0,0.0,0.0,0.0,0.0,0.0,0.0,0.0,0.0,0.0,0.0
"As she walked past it , ths driver 's glass started to open .",0.9230769230769231,0.8571428571428571,12,0.888888888888889,14,13,1.0,0.9285714285714286,0.962962962962963,13,14,13,1.0,1.0,1.0,1.0,3.0,4.0,4.0,0.0,0.0,0.0,0.0,0.0,0.0,0.0,0.0,0.0,0.0,0.0,0.0,0.0,0.0,0.0,0.0,0.0,0.0,0.0,0.0,0.0,0.0,0.0
"As she walked past it , their driver 's glass started to open .",0.9230769230769231,0.8571428571428571,12,0.888888888888889,14,13,1.0,0.9285714285714286,0.962962962962963,13,14,13,1.0,1.0,1.0,1.0,3.0,4.0,4.0,0.0,0.0,0.0,0.0,0.0,0.0,0.0,0.0,0.0,0.0,0.0,0.0,0.0,0.0,0.0,0.0,0.0,0.0,0.0,0.0,0.0,0.0,0.0
"As she walked past it , hte driver 's glass started to open .",0.9230769230769231,0.8571428571428571,12,0.888888888888889,14,13,1.0,0.9285714285714286,0.962962962962963,13,14,13,1.0,1.0,1.0,1.0,3.0,4.0,4.0,0.0,0.0,0.0,0.0,0.0,0.0,0.0,0.0,0.0,0.0,0.0,0.0,0.0,0.0,0.0,0.0,0.0,0.0,0.0,0.0,0.0,0.0,0.0
"As she walked past it , zhe driver 's glass started to open .",0.9230769230769231,0.8571428571428571,12,0.888888888888889,14,13,1.0,0.9285714285714286,0.962962962962963,13,14,13,1.0,1.0,1.0,1.0,3.0,4.0,4.0,0.0,0.0,0.0,0.0,0.0,0.0,0.0,0.0,0.0,0.0,0.0,0.0,0.0,0.0,0.0,0.0,0.0,0.0,0.0,0.0,0.0,0.0,0.0
"As she walked past it , the inedrive 's glass started to open .",0.9230769230769231,0.8571428571428571,12,0.888888888888889,14,13,1.0,0.9285714285714286,0.962962962962963,13,14,13,1.0,1.0,1.0,1.0,3.0,4.0,4.0,0.0,0.0,0.0,0.0,0.0,0.0,0.0,0.0,0.0,0.0,0.0,0.0,0.0,0.0,0.0,0.0,0.0,0.0,0.0,0.0,0.0,0.0,0.0
"As she walked past it , the driver 's class started to open .",0.9230769230769231,0.8571428571428571,12,0.888888888888889,14,13,1.0,0.9285714285714286,0.962962962962963,13,14,13,1.0,1.0,1.0,1.0,3.0,4.0,4.0,0.0,0.0,0.0,0.0,0.0,0.0,0.0,0.0,0.0,0.0,0.0,0.0,0.0,0.0,0.0,0.0,0.0,0.0,0.0,0.0,0.0,0.0,0.0
"As she walked past it , the driver 's glasses started to open .",0.9230769230769231,0.8571428571428571,12,0.888888888888889,14,13,1.0,0.9285714285714286,0.962962962962963,13,14,13,1.0,1.0,1.0,1.0,3.0,4.0,4.0,0.0,0.0,0.0,0.0,0.0,0.0,0.0,0.0,0.0,0.0,0.0,0.0,0.0,0.0,0.0,0.0,0.0,0.0,0.0,0.0,0.0,0.0,0.0
"As she walked past it , the driver 's glas started to open .",0.9230769230769231,0.8571428571428571,12,0.888888888888889,14,13,1.0,0.9285714285714286,0.962962962962963,13,14,13,1.0,1.0,1.0,1.0,3.0,4.0,4.0,0.0,0.0,0.0,0.0,0.0,0.0,0.0,0.0,0.0,0.0,0.0,0.0,0.0,0.0,0.0,0.0,0.0,0.0,0.0,0.0,0.0,0.0,0.0
"As she walked past it , the driver 's glussed started to open .",0.8571428571428571,0.8571428571428571,12,0.8571428571428571,14,14,0.9285714285714286,0.9285714285714286,0.9285714285714286,13,14,14,1.0,1.0,1.0,1.0,3.0,4.0,4.0,0.0,0.0,0.0,0.0,0.0,0.0,0.0,0.0,0.0,0.0,0.0,0.0,0.0,0.0,0.0,0.0,0.0,0.0,0.0,0.0,0.0,0.0,0.0
"As she walked past it , the driver 's glass starte to open .",0.9230769230769231,0.8571428571428571,12,0.888888888888889,14,13,1.0,0.9285714285714286,0.962962962962963,13,14,13,1.0,1.0,1.0,1.0,3.0,4.0,4.0,0.0,0.0,0.0,0.0,0.0,0.0,0.0,0.0,0.0,0.0,0.0,0.0,0.0,0.0,0.0,0.0,0.0,0.0,0.0,0.0,0.0,0.0,0.0
"As she walked past it , the driver 's glass sterted to open .",0.9230769230769231,0.8571428571428571,12,0.888888888888889,14,13,1.0,0.9285714285714286,0.962962962962963,13,14,13,1.0,1.0,1.0,1.0,3.0,4.0,4.0,0.0,0.0,0.0,0.0,0.0,0.0,0.0,0.0,0.0,0.0,0.0,0.0,0.0,0.0,0.0,0.0,0.0,0.0,0.0,0.0,0.0,0.0,0.0
"As she walked past it , the driver 's glass starter to open .",0.7142857142857143,0.7142857142857143,10,0.7142857142857143,14,14,0.8571428571428571,0.8571428571428571,0.8571428571428571,12,14,14,1.0,1.0,1.0,1.0,3.0,3.0,3.0,0.0,1.0,1.0,1.0,0.0,0.0,0.0,0.0,0.0,0.0,0.0,0.0,0.0,0.0,0.0,0.0,0.0,0.0,0.0,0.0,0.0,0.0,0.0
"As she walked past it , the driver 's glass starters to open .",0.7142857142857143,0.7142857142857143,10,0.7142857142857143,14,14,0.8571428571428571,0.8571428571428571,0.8571428571428571,12,14,14,1.0,1.0,1.0,1.0,3.0,3.0,3.0,0.0,1.0,1.0,1.0,0.0,0.0,0.0,0.0,0.0,0.0,0.0,0.0,0.0,0.0,0.0,0.0,0.0,0.0,0.0,0.0,0.0,0.0,0.0
"As she walked past it , the driver 's glass started to oppened .",0.9230769230769231,0.8571428571428571,12,0.888888888888889,14,13,1.0,0.9285714285714286,0.962962962962963,13,14,13,1.0,1.0,1.0,1.0,3.0,4.0,4.0,0.0,0.0,0.0,0.0,0.0,0.0,0.0,0.0,0.0,0.0,0.0,0.0,0.0,0.0,0.0,0.0,0.0,0.0,0.0,0.0,0.0,0.0,0.0
"As she walked past it , the driver 's glass started to oben .",0.9230769230769231,0.8571428571428571,12,0.888888888888889,14,13,1.0,0.9285714285714286,0.962962962962963,13,14,13,1.0,1.0,1.0,1.0,3.0,4.0,4.0,0.0,0.0,0.0,0.0,0.0,0.0,0.0,0.0,0.0,0.0,0.0,0.0,0.0,0.0,0.0,0.0,0.0,0.0,0.0,0.0,0.0,0.0,0.0
"As she walked past it , the driver 's glass started to offen .",0.9230769230769231,0.8571428571428571,12,0.888888888888889,14,13,1.0,0.9285714285714286,0.962962962962963,13,14,13,1.0,1.0,1.0,1.0,3.0,4.0,4.0,0.0,0.0,0.0,0.0,0.0,0.0,0.0,0.0,0.0,0.0,0.0,0.0,0.0,0.0,0.0,0.0,0.0,0.0,0.0,0.0,0.0,0.0,0.0
WIth a handkerchief she wiped the sweat from her forehead .,1.0,0.8888888888888888,8,0.9411764705882353,9,8,1.0,0.8888888888888888,0.9411764705882353,8,9,8,0.0,1.0,0.0,2.0,1.0,4.0,1.0,0.0,0.0,0.0,0.0,0.0,0.0,0.0,0.0,0.0,0.0,0.0,0.0,0.0,0.0,0.0,0.0,0.0,0.0,0.0,0.0,0.0,0.0,0.0
With a handkerchief she wiped the sweat from her forehead .,1.0,0.8888888888888888,8,0.9411764705882353,9,8,1.0,0.8888888888888888,0.9411764705882353,8,9,8,0.0,1.0,0.0,2.0,1.0,4.0,1.0,0.0,0.0,0.0,0.0,0.0,0.0,0.0,0.0,0.0,0.0,0.0,0.0,0.0,0.0,0.0,0.0,0.0,0.0,0.0,0.0,0.0,0.0,0.0
Whit a handkerchief she wiped the sweat from her forehead .,0.7777777777777778,0.7777777777777778,7,0.7777777777777778,9,9,0.8888888888888888,0.8888888888888888,0.8888888888888888,8,9,9,1.0,1.0,0.0,1.0,1.0,4.0,1.0,1.0,0.0,0.0,0.0,1.0,0.0,0.0,0.0,0.0,0.0,0.0,0.0,0.0,0.0,0.0,0.0,0.0,0.0,0.0,0.0,0.0,0.0,0.0
With a handkerchief she wiped the sweat from her forehead .,1.0,0.8888888888888888,8,0.9411764705882353,9,8,1.0,0.8888888888888888,0.9411764705882353,8,9,8,0.0,1.0,0.0,2.0,1.0,4.0,1.0,0.0,0.0,0.0,0.0,0.0,0.0,0.0,0.0,0.0,0.0,0.0,0.0,0.0,0.0,0.0,0.0,0.0,0.0,0.0,0.0,0.0,0.0,0.0
With a handkerchief whe wiped the sweat from her forehead .,1.0,0.8888888888888888,8,0.9411764705882353,9,8,1.0,0.8888888888888888,0.9411764705882353,8,9,8,0.0,1.0,0.0,2.0,1.0,4.0,1.0,0.0,0.0,0.0,0.0,0.0,0.0,0.0,0.0,0.0,0.0,0.0,0.0,0.0,0.0,0.0,0.0,0.0,0.0,0.0,0.0,0.0,0.0,0.0
With a handkerchief shee wiped the sweat from her forehead .,0.6666666666666666,0.6666666666666666,6,0.6666666666666666,9,9,0.7777777777777778,0.7777777777777778,0.7777777777777778,7,9,9,1.0,1.0,0.0,1.0,1.0,3.0,1.0,0.0,1.0,0.0,0.0,0.0,1.0,0.0,0.0,0.0,0.0,0.0,0.0,0.0,0.0,0.0,0.0,0.0,0.0,0.0,0.0,0.0,0.0,0.0
With a handkerchief sha wiped the sweat from her forehead .,0.625,0.5555555555555556,5,0.5882352941176471,9,8,0.625,0.5555555555555556,0.5882352941176471,5,9,8,1.0,1.0,0.0,1.0,1.0,2.0,1.0,0.0,2.0,0.0,0.0,0.0,0.0,0.0,0.0,0.0,0.0,0.0,0.0,0.0,0.0,0.0,0.0,0.0,0.0,0.0,0.0,0.0,0.0,0.0
With a handkerchief she wiped the sweat from her forehead .,1.0,0.8888888888888888,8,0.9411764705882353,9,8,1.0,0.8888888888888888,0.9411764705882353,8,9,8,0.0,1.0,0.0,2.0,1.0,4.0,1.0,0.0,0.0,0.0,0.0,0.0,0.0,0.0,0.0,0.0,0.0,0.0,0.0,0.0,0.0,0.0,0.0,0.0,0.0,0.0,0.0,0.0,0.0,0.0
With a handkerchief she wiped tnhe sweat from her forehead .,1.0,0.8888888888888888,8,0.9411764705882353,9,8,1.0,0.8888888888888888,0.9411764705882353,8,9,8,0.0,1.0,0.0,2.0,1.0,4.0,1.0,0.0,0.0,0.0,0.0,0.0,0.0,0.0,0.0,0.0,0.0,0.0,0.0,0.0,0.0,0.0,0.0,0.0,0.0,0.0,0.0,0.0,0.0,0.0
With a handkerchief she wiped thw sweat from her forehead .,1.0,0.8888888888888888,8,0.9411764705882353,9,8,1.0,0.8888888888888888,0.9411764705882353,8,9,8,0.0,1.0,0.0,2.0,1.0,4.0,1.0,0.0,0.0,0.0,0.0,0.0,0.0,0.0,0.0,0.0,0.0,0.0,0.0,0.0,0.0,0.0,0.0,0.0,0.0,0.0,0.0,0.0,0.0,0.0
With a handkerchief she wiped e sweat from her forehead .,1.0,0.8888888888888888,8,0.9411764705882353,9,8,1.0,0.8888888888888888,0.9411764705882353,8,9,8,0.0,1.0,0.0,2.0,1.0,4.0,1.0,0.0,0.0,0.0,0.0,0.0,0.0,0.0,0.0,0.0,0.0,0.0,0.0,0.0,0.0,0.0,0.0,0.0,0.0,0.0,0.0,0.0,0.0,0.0
With a handkerchief she wiped trhe sweat from her forehead .,1.0,0.8888888888888888,8,0.9411764705882353,9,8,1.0,0.8888888888888888,0.9411764705882353,8,9,8,0.0,1.0,0.0,2.0,1.0,4.0,1.0,0.0,0.0,0.0,0.0,0.0,0.0,0.0,0.0,0.0,0.0,0.0,0.0,0.0,0.0,0.0,0.0,0.0,0.0,0.0,0.0,0.0,0.0,0.0
With a handkerchief she wiped They sweat from her forehead .,0.7,0.7777777777777778,7,0.7368421052631577,9,10,0.7,0.7777777777777778,0.7368421052631577,7,9,10,0.0,1.0,0.0,2.0,1.0,3.0,1.0,0.0,1.0,0.0,0.0,0.0,0.0,0.0,0.0,0.0,0.0,0.0,0.0,0.0,0.0,0.0,0.0,0.0,0.0,0.0,0.0,0.0,0.0,0.0
With a handkerchief she wiped the sweater from her forehead .,1.0,0.8888888888888888,8,0.9411764705882353,9,8,1.0,0.8888888888888888,0.9411764705882353,8,9,8,0.0,1.0,0.0,2.0,1.0,4.0,1.0,0.0,0.0,0.0,0.0,0.0,0.0,0.0,0.0,0.0,0.0,0.0,0.0,0.0,0.0,0.0,0.0,0.0,0.0,0.0,0.0,0.0,0.0,0.0
With a handkerchief she wiped the sweets from her forehead .,1.0,0.8888888888888888,8,0.9411764705882353,9,8,1.0,0.8888888888888888,0.9411764705882353,8,9,8,0.0,1.0,0.0,2.0,1.0,4.0,1.0,0.0,0.0,0.0,0.0,0.0,0.0,0.0,0.0,0.0,0.0,0.0,0.0,0.0,0.0,0.0,0.0,0.0,0.0,0.0,0.0,0.0,0.0,0.0
With a handkerchief she wiped the sweet from her forehead .,1.0,0.8888888888888888,8,0.9411764705882353,9,8,1.0,0.8888888888888888,0.9411764705882353,8,9,8,0.0,1.0,0.0,2.0,1.0,4.0,1.0,0.0,0.0,0.0,0.0,0.0,0.0,0.0,0.0,0.0,0.0,0.0,0.0,0.0,0.0,0.0,0.0,0.0,0.0,0.0,0.0,0.0,0.0,0.0
With a handkerchief she wiped the sweat drom her forehead .,1.0,0.8888888888888888,8,0.9411764705882353,9,8,1.0,0.8888888888888888,0.9411764705882353,8,9,8,0.0,1.0,0.0,2.0,1.0,4.0,1.0,0.0,0.0,0.0,0.0,0.0,0.0,0.0,0.0,0.0,0.0,0.0,0.0,0.0,0.0,0.0,0.0,0.0,0.0,0.0,0.0,0.0,0.0,0.0
With a handkerchief she wiped the sweat froon her forehead .,1.0,0.8888888888888888,8,0.9411764705882353,9,8,1.0,0.8888888888888888,0.9411764705882353,8,9,8,0.0,1.0,0.0,2.0,1.0,4.0,1.0,0.0,0.0,0.0,0.0,0.0,0.0,0.0,0.0,0.0,0.0,0.0,0.0,0.0,0.0,0.0,0.0,0.0,0.0,0.0,0.0,0.0,0.0,0.0
With a handkerchief she wiped the sweat forom her forehead .,0.875,0.7777777777777778,7,0.823529411764706,9,8,0.875,0.7777777777777778,0.823529411764706,7,9,8,1.0,1.0,0.0,1.0,1.0,4.0,1.0,0.0,0.0,0.0,0.0,0.0,0.0,0.0,0.0,0.0,0.0,0.0,0.0,0.0,0.0,0.0,0.0,0.0,0.0,0.0,0.0,0.0,0.0,0.0
With a handkerchief she wiped the sweat forme her forehead .,0.7777777777777778,0.7777777777777778,7,0.7777777777777778,9,9,0.8888888888888888,0.8888888888888888,0.8888888888888888,8,9,9,1.0,1.0,0.0,1.0,1.0,4.0,1.0,1.0,0.0,0.0,0.0,0.0,0.0,0.0,0.0,0.0,0.0,0.0,0.0,0.0,0.0,0.0,0.0,0.0,0.0,0.0,0.0,0.0,0.0,0.0
With a handkerchief she wiped the sweat form her forehead .,0.7777777777777778,0.7777777777777778,7,0.7777777777777778,9,9,0.8888888888888888,0.8888888888888888,0.8888888888888888,8,9,9,1.0,1.0,0.0,1.0,1.0,4.0,1.0,1.0,0.0,0.0,0.0,0.0,0.0,0.0,0.0,0.0,0.0,0.0,0.0,0.0,0.0,0.0,0.0,0.0,0.0,0.0,0.0,0.0,0.0,0.0
With a handkerchief she wiped the sweat from het forehead .,1.0,0.8888888888888888,8,0.9411764705882353,9,8,1.0,0.8888888888888888,0.9411764705882353,8,9,8,0.0,1.0,0.0,2.0,1.0,4.0,1.0,0.0,0.0,0.0,0.0,0.0,0.0,0.0,0.0,0.0,0.0,0.0,0.0,0.0,0.0,0.0,0.0,0.0,0.0,0.0,0.0,0.0,0.0,0.0
With a handkerchief she wiped the sweat from ho forehead .,1.0,0.8888888888888888,8,0.9411764705882353,9,8,1.0,0.8888888888888888,0.9411764705882353,8,9,8,0.0,1.0,0.0,2.0,1.0,4.0,1.0,0.0,0.0,0.0,0.0,0.0,0.0,0.0,0.0,0.0,0.0,0.0,0.0,0.0,0.0,0.0,0.0,0.0,0.0,0.0,0.0,0.0,0.0,0.0
With a handkerchief she wiped the sweat from hef forehead .,1.0,0.8888888888888888,8,0.9411764705882353,9,8,1.0,0.8888888888888888,0.9411764705882353,8,9,8,0.0,1.0,0.0,2.0,1.0,4.0,1.0,0.0,0.0,0.0,0.0,0.0,0.0,0.0,0.0,0.0,0.0,0.0,0.0,0.0,0.0,0.0,0.0,0.0,0.0,0.0,0.0,0.0,0.0,0.0
With a handkerchief she wiped the sweat from had forehead .,1.0,0.8888888888888888,8,0.9411764705882353,9,8,1.0,0.8888888888888888,0.9411764705882353,8,9,8,0.0,1.0,0.0,2.0,1.0,4.0,1.0,0.0,0.0,0.0,0.0,0.0,0.0,0.0,0.0,0.0,0.0,0.0,0.0,0.0,0.0,0.0,0.0,0.0,0.0,0.0,0.0,0.0,0.0,0.0
With a handkerchief she wiped the sweat from her forehead .,1.0,0.8888888888888888,8,0.9411764705882353,9,8,1.0,0.8888888888888888,0.9411764705882353,8,9,8,0.0,1.0,0.0,2.0,1.0,4.0,1.0,0.0,0.0,0.0,0.0,0.0,0.0,0.0,0.0,0.0,0.0,0.0,0.0,0.0,0.0,0.0,0.0,0.0,0.0,0.0,0.0,0.0,0.0,0.0
"Prudently , they had diversified into banking and insurance , and as a result their influence was felt at the highest level",0.8125,0.65,13,0.7222222222222223,20,16,0.875,0.7,0.7777777777777777,14,20,16,1.0,3.0,0.0,3.0,2.0,4.0,4.0,0.0,2.0,0.0,0.0,0.0,0.0,1.0,1.0,0.0,0.0,0.0,0.0,0.0,0.0,0.0,0.0,0.0,0.0,0.0,0.0,0.0,0.0,0.0
"Prudently , Their had diversified into banking and insurance , and as a result their influence was felt at the highest level",0.8125,0.65,13,0.7222222222222223,20,16,0.875,0.7,0.7777777777777777,14,20,16,1.0,3.0,0.0,3.0,2.0,4.0,4.0,0.0,2.0,0.0,0.0,0.0,0.0,1.0,1.0,0.0,0.0,0.0,0.0,0.0,0.0,0.0,0.0,0.0,0.0,0.0,0.0,0.0,0.0,0.0
"Prudently , thy had diversified into banking and insurance , and as a result their influence was felt at the highest level",0.8125,0.65,13,0.7222222222222223,20,16,0.875,0.7,0.7777777777777777,14,20,16,1.0,3.0,0.0,3.0,2.0,4.0,4.0,0.0,2.0,0.0,0.0,0.0,0.0,1.0,1.0,0.0,0.0,0.0,0.0,0.0,0.0,0.0,0.0,0.0,0.0,0.0,0.0,0.0,0.0,0.0
"Prudently , thay had diversified into banking and insurance , and as a result their influence was felt at the highest level",0.8125,0.65,13,0.7222222222222223,20,16,0.875,0.7,0.7777777777777777,14,20,16,1.0,3.0,0.0,3.0,2.0,4.0,4.0,0.0,2.0,0.0,0.0,0.0,0.0,1.0,1.0,0.0,0.0,0.0,0.0,0.0,0.0,0.0,0.0,0.0,0.0,0.0,0.0,0.0,0.0,0.0
"Prudently , Then had diversified into banking and insurance , and as a result their influence was felt at the highest level",0.7333333333333333,0.55,11,0.6285714285714286,20,15,0.8666666666666667,0.65,0.7428571428571429,13,20,15,1.0,4.0,0.0,3.0,1.0,3.0,4.0,0.0,3.0,0.0,0.0,0.0,1.0,1.0,1.0,0.0,0.0,0.0,0.0,0.0,0.0,0.0,0.0,0.0,0.0,0.0,0.0,0.0,0.0,0.0
"Prudently , then had diversified into banking and insurance , and as a result their influence was felt at the highest level",0.75,0.6,12,0.6666666666666665,20,16,0.875,0.7,0.7777777777777777,14,20,16,1.0,3.0,0.0,3.0,2.0,3.0,4.0,0.0,3.0,0.0,0.0,0.0,1.0,1.0,1.0,0.0,0.0,0.0,0.0,0.0,0.0,0.0,0.0,0.0,0.0,0.0,0.0,0.0,0.0,0.0
"Prudently , they haved diversified into banking and insurance , and as a result their influence was felt at the highest level",0.8125,0.65,13,0.7222222222222223,20,16,0.875,0.7,0.7777777777777777,14,20,16,1.0,3.0,0.0,3.0,2.0,4.0,4.0,0.0,2.0,0.0,0.0,0.0,0.0,1.0,1.0,0.0,0.0,0.0,0.0,0.0,0.0,0.0,0.0,0.0,0.0,0.0,0.0,0.0,0.0,0.0
"Prudently , they hve diversified into banking and insurance , and as a result their influence was felt at the highest level",0.8125,0.65,13,0.7222222222222223,20,16,0.875,0.7,0.7777777777777777,14,20,16,1.0,3.0,0.0,3.0,2.0,4.0,4.0,0.0,2.0,0.0,0.0,0.0,0.0,1.0,1.0,0.0,0.0,0.0,0.0,0.0,0.0,0.0,0.0,0.0,0.0,0.0,0.0,0.0,0.0,0.0
"Prudently , they hard diversified into banking and insurance , and as a result their influence was felt at the highest level",0.75,0.6,12,0.6666666666666665,20,16,0.8125,0.65,0.7222222222222223,13,20,16,1.0,3.0,0.0,3.0,2.0,4.0,3.0,0.0,2.0,1.0,0.0,0.0,0.0,1.0,1.0,0.0,0.0,0.0,0.0,0.0,0.0,0.0,0.0,0.0,0.0,0.0,0.0,0.0,0.0,0.0
"Prudently , they have diversified into banking and insurance , and as a result their influence was felt at the highest level",0.8125,0.65,13,0.7222222222222223,20,16,0.875,0.7,0.7777777777777777,14,20,16,1.0,3.0,0.0,3.0,2.0,4.0,4.0,0.0,2.0,0.0,0.0,0.0,0.0,1.0,1.0,0.0,0.0,0.0,0.0,0.0,0.0,0.0,0.0,0.0,0.0,0.0,0.0,0.0,0.0,0.0
"Prudently , they had diversified into banking and insurance , and as a result their influence was felt at the highest level",0.8125,0.65,13,0.7222222222222223,20,16,0.875,0.7,0.7777777777777777,14,20,16,1.0,3.0,0.0,3.0,2.0,4.0,4.0,0.0,2.0,0.0,0.0,0.0,0.0,1.0,1.0,0.0,0.0,0.0,0.0,0.0,0.0,0.0,0.0,0.0,0.0,0.0,0.0,0.0,0.0,0.0
"Prudently , they had diversified ionto banking and insurance , and as a result their influence was felt at the highest level",0.7857142857142857,0.55,11,0.6470588235294117,20,14,0.9285714285714286,0.65,0.7647058823529412,13,20,14,2.0,3.0,0.0,2.0,2.0,4.0,3.0,0.0,2.0,1.0,0.0,0.0,0.0,1.0,1.0,1.0,0.0,0.0,0.0,0.0,0.0,0.0,0.0,0.0,0.0,0.0,0.0,0.0,0.0,0.0
"Prudently , they had diversified ino banking and insurance , and as a result their influence was felt at the highest level",0.7857142857142857,0.55,11,0.6470588235294117,20,14,0.9285714285714286,0.65,0.7647058823529412,13,20,14,2.0,3.0,0.0,2.0,2.0,4.0,3.0,0.0,2.0,1.0,0.0,0.0,0.0,1.0,1.0,1.0,0.0,0.0,0.0,0.0,0.0,0.0,0.0,0.0,0.0,0.0,0.0,0.0,0.0,0.0
"Prudently , they had diversified itno banking and insurance , and as a result their influence was felt at the highest level",0.7857142857142857,0.55,11,0.6470588235294117,20,14,0.9285714285714286,0.65,0.7647058823529412,13,20,14,2.0,3.0,0.0,2.0,2.0,4.0,3.0,0.0,2.0,1.0,0.0,0.0,0.0,1.0,1.0,1.0,0.0,0.0,0.0,0.0,0.0,0.0,0.0,0.0,0.0,0.0,0.0,0.0,0.0,0.0
"Prudently , they had diversified in banking and insurance , and as a result their influence was felt at the highest level",0.8125,0.65,13,0.7222222222222223,20,16,0.875,0.7,0.7777777777777777,14,20,16,1.0,3.0,0.0,3.0,2.0,4.0,4.0,0.0,2.0,0.0,0.0,0.0,0.0,1.0,1.0,0.0,0.0,0.0,0.0,0.0,0.0,0.0,0.0,0.0,0.0,0.0,0.0,0.0,0.0,0.0
"Prudently , they had diversified into banking and insurance , and as a result their influence was felt at the highest level",0.8125,0.65,13,0.7222222222222223,20,16,0.875,0.7,0.7777777777777777,14,20,16,1.0,3.0,0.0,3.0,2.0,4.0,4.0,0.0,2.0,0.0,0.0,0.0,0.0,1.0,1.0,0.0,0.0,0.0,0.0,0.0,0.0,0.0,0.0,0.0,0.0,0.0,0.0,0.0,0.0,0.0
"Prudently , they had diversified into banking and insuarance , and as a result their influence was felt at the highest level",0.8125,0.65,13,0.7222222222222223,20,16,0.875,0.7,0.7777777777777777,14,20,16,1.0,3.0,0.0,3.0,2.0,4.0,4.0,0.0,2.0,0.0,0.0,0.0,0.0,1.0,1.0,0.0,0.0,0.0,0.0,0.0,0.0,0.0,0.0,0.0,0.0,0.0,0.0,0.0,0.0,0.0
"Prudently , they had diversified into banking and insuance , and as a result their influence was felt at the highest level",0.8125,0.65,13,0.7222222222222223,20,16,0.875,0.7,0.7777777777777777,14,20,16,1.0,3.0,0.0,3.0,2.0,4.0,4.0,0.0,2.0,0.0,0.0,0.0,0.0,1.0,1.0,0.0,0.0,0.0,0.0,0.0,0.0,0.0,0.0,0.0,0.0,0.0,0.0,0.0,0.0,0.0
"Prudently , they had diversified into banking and assurance , and as a result their influence was felt at the highest level",0.8125,0.65,13,0.7222222222222223,20,16,0.875,0.7,0.7777777777777777,14,20,16,1.0,3.0,0.0,3.0,2.0,4.0,4.0,0.0,2.0,0.0,0.0,0.0,0.0,1.0,1.0,0.0,0.0,0.0,0.0,0.0,0.0,0.0,0.0,0.0,0.0,0.0,0.0,0.0,0.0,0.0
"Prudently , they had diversified into banking and insureance , and as a result their influence was felt at the highest level",0.8125,0.65,13,0.7222222222222223,20,16,0.875,0.7,0.7777777777777777,14,20,16,1.0,3.0,0.0,3.0,2.0,4.0,4.0,0.0,2.0,0.0,0.0,0.0,0.0,1.0,1.0,0.0,0.0,0.0,0.0,0.0,0.0,0.0,0.0,0.0,0.0,0.0,0.0,0.0,0.0,0.0
"Prudently , they had diversified into banking and injurance , and as a result their influence was felt at the highest level",0.8125,0.65,13,0.7222222222222223,20,16,0.875,0.7,0.7777777777777777,14,20,16,1.0,3.0,0.0,3.0,2.0,4.0,4.0,0.0,2.0,0.0,0.0,0.0,0.0,1.0,1.0,0.0,0.0,0.0,0.0,0.0,0.0,0.0,0.0,0.0,0.0,0.0,0.0,0.0,0.0,0.0
"Prudently , they had diversified into banking and insurance , and as a resolt their influence was felt at the highest level",0.8125,0.65,13,0.7222222222222223,20,16,0.875,0.7,0.7777777777777777,14,20,16,1.0,3.0,0.0,3.0,2.0,4.0,4.0,0.0,2.0,0.0,0.0,0.0,0.0,1.0,1.0,0.0,0.0,0.0,0.0,0.0,0.0,0.0,0.0,0.0,0.0,0.0,0.0,0.0,0.0,0.0
"Prudently , they had diversified into banking and insurance , and as a reslut their influence was felt at the highest level",0.8125,0.65,13,0.7222222222222223,20,16,0.875,0.7,0.7777777777777777,14,20,16,1.0,3.0,0.0,3.0,2.0,4.0,4.0,0.0,2.0,0.0,0.0,0.0,0.0,1.0,1.0,0.0,0.0,0.0,0.0,0.0,0.0,0.0,0.0,0.0,0.0,0.0,0.0,0.0,0.0,0.0
"Prudently , they had diversified into banking and insurance , and as a result there influence was felt at the highest level",0.8125,0.65,13,0.7222222222222223,20,16,0.875,0.7,0.7777777777777777,14,20,16,1.0,3.0,0.0,3.0,2.0,4.0,4.0,0.0,2.0,0.0,0.0,0.0,0.0,1.0,1.0,0.0,0.0,0.0,0.0,0.0,0.0,0.0,0.0,0.0,0.0,0.0,0.0,0.0,0.0,0.0
"Prudently , they had diversified into banking and insurance , and as a result they's influence was felt at the highest level",0.6111111111111112,0.55,11,0.5789473684210527,20,18,0.6666666666666666,0.6,0.631578947368421,12,20,18,1.0,4.0,0.0,3.0,1.0,3.0,4.0,0.0,3.0,0.0,0.0,0.0,0.0,1.0,1.0,0.0,0.0,0.0,0.0,0.0,0.0,0.0,0.0,0.0,0.0,0.0,0.0,0.0,0.0,0.0
"Prudently , they had diversified into banking and insurance , and as a result thir influence was felt at the highest level",0.8125,0.65,13,0.7222222222222223,20,16,0.875,0.7,0.7777777777777777,14,20,16,1.0,3.0,0.0,3.0,2.0,4.0,4.0,0.0,2.0,0.0,0.0,0.0,0.0,1.0,1.0,0.0,0.0,0.0,0.0,0.0,0.0,0.0,0.0,0.0,0.0,0.0,0.0,0.0,0.0,0.0
"Prudently , they had diversified into banking and insurance , and as a result their enfluence was felt at the highest level",0.8125,0.65,13,0.7222222222222223,20,16,0.875,0.7,0.7777777777777777,14,20,16,1.0,3.0,0.0,3.0,2.0,4.0,4.0,0.0,2.0,0.0,0.0,0.0,0.0,1.0,1.0,0.0,0.0,0.0,0.0,0.0,0.0,0.0,0.0,0.0,0.0,0.0,0.0,0.0,0.0,0.0
"Prudently , they had diversified into banking and insurance , and as a result their infulence was felt at the highest level",0.8125,0.65,13,0.7222222222222223,20,16,0.875,0.7,0.7777777777777777,14,20,16,1.0,3.0,0.0,3.0,2.0,4.0,4.0,0.0,2.0,0.0,0.0,0.0,0.0,1.0,1.0,0.0,0.0,0.0,0.0,0.0,0.0,0.0,0.0,0.0,0.0,0.0,0.0,0.0,0.0,0.0
"Prudently , they had diversified into banking and insurance , and as a result their fluence was felt at the highest level",0.8125,0.65,13,0.7222222222222223,20,16,0.875,0.7,0.7777777777777777,14,20,16,1.0,3.0,0.0,3.0,2.0,4.0,4.0,0.0,2.0,0.0,0.0,0.0,0.0,1.0,1.0,0.0,0.0,0.0,0.0,0.0,0.0,0.0,0.0,0.0,0.0,0.0,0.0,0.0,0.0,0.0
"Prudently , they had diversified into banking and insurance , and as a result their infuence was felt at the highest level",0.8125,0.65,13,0.7222222222222223,20,16,0.875,0.7,0.7777777777777777,14,20,16,1.0,3.0,0.0,3.0,2.0,4.0,4.0,0.0,2.0,0.0,0.0,0.0,0.0,1.0,1.0,0.0,0.0,0.0,0.0,0.0,0.0,0.0,0.0,0.0,0.0,0.0,0.0,0.0,0.0,0.0
"Prudently , they had diversified into banking and insurance , and as a result their influence will felt at the highest level",0.8125,0.65,13,0.7222222222222223,20,16,0.875,0.7,0.7777777777777777,14,20,16,1.0,3.0,0.0,3.0,2.0,4.0,4.0,0.0,2.0,0.0,0.0,0.0,0.0,1.0,1.0,0.0,0.0,0.0,0.0,0.0,0.0,0.0,0.0,0.0,0.0,0.0,0.0,0.0,0.0,0.0
"Prudently , they had diversified into banking and insurance , and as a result their influence waz felt at the highest level",0.8125,0.65,13,0.7222222222222223,20,16,0.875,0.7,0.7777777777777777,14,20,16,1.0,3.0,0.0,3.0,2.0,4.0,4.0,0.0,2.0,0.0,0.0,0.0,0.0,1.0,1.0,0.0,0.0,0.0,0.0,0.0,0.0,0.0,0.0,0.0,0.0,0.0,0.0,0.0,0.0,0.0
"Prudently , they had diversified into banking and insurance , and as a result their influence waw felt at the highest level",0.625,0.5,10,0.5555555555555556,20,16,0.75,0.6,0.6666666666666665,12,20,16,1.0,4.0,0.0,3.0,1.0,3.0,3.0,0.0,3.0,1.0,0.0,0.0,0.0,1.0,1.0,0.0,1.0,0.0,0.0,0.0,0.0,0.0,0.0,0.0,0.0,0.0,0.0,0.0,0.0,0.0
"Prudently , they had diversified into banking and insurance , and as a result their influence wass felt at the highest level",0.625,0.5,10,0.5555555555555556,20,16,0.75,0.6,0.6666666666666665,12,20,16,1.0,4.0,0.0,3.0,1.0,3.0,3.0,0.0,3.0,1.0,0.0,0.0,0.0,1.0,1.0,0.0,1.0,0.0,0.0,0.0,0.0,0.0,0.0,0.0,0.0,0.0,0.0,0.0,0.0,0.0
"Prudently , they had diversified into banking and insurance , and as a result their influence whas felt at the highest level",0.7647058823529411,0.65,13,0.7027027027027027,20,17,0.8235294117647058,0.7,0.7567567567567567,14,20,17,1.0,3.0,0.0,3.0,2.0,4.0,4.0,0.0,2.0,0.0,0.0,0.0,0.0,1.0,1.0,0.0,0.0,0.0,0.0,0.0,0.0,0.0,0.0,0.0,0.0,0.0,0.0,0.0,0.0,0.0
"Prudently , they had diversified into banking and insurance , and as a result their influence was felled at the highest level",0.8125,0.65,13,0.7222222222222223,20,16,0.875,0.7,0.7777777777777777,14,20,16,1.0,3.0,0.0,3.0,2.0,4.0,4.0,0.0,2.0,0.0,0.0,0.0,0.0,1.0,1.0,0.0,0.0,0.0,0.0,0.0,0.0,0.0,0.0,0.0,0.0,0.0,0.0,0.0,0.0,0.0
"Prudently , they had diversified into banking and insurance , and as a result their influence was fell at the highest level",0.8125,0.65,13,0.7222222222222223,20,16,0.875,0.7,0.7777777777777777,14,20,16,1.0,3.0,0.0,3.0,2.0,4.0,4.0,0.0,2.0,0.0,0.0,0.0,0.0,1.0,1.0,0.0,0.0,0.0,0.0,0.0,0.0,0.0,0.0,0.0,0.0,0.0,0.0,0.0,0.0,0.0
"Prudently , they had diversified into banking and insurance , and as a result their influence was feld at the highest level",0.8125,0.65,13,0.7222222222222223,20,16,0.875,0.7,0.7777777777777777,14,20,16,1.0,3.0,0.0,3.0,2.0,4.0,4.0,0.0,2.0,0.0,0.0,0.0,0.0,1.0,1.0,0.0,0.0,0.0,0.0,0.0,0.0,0.0,0.0,0.0,0.0,0.0,0.0,0.0,0.0,0.0
"Prudently , they had diversified into banking and insurance , and as a result their influence was feelled at the highest level",0.8125,0.65,13,0.7222222222222223,20,16,0.875,0.7,0.7777777777777777,14,20,16,1.0,3.0,0.0,3.0,2.0,4.0,4.0,0.0,2.0,0.0,0.0,0.0,0.0,1.0,1.0,0.0,0.0,0.0,0.0,0.0,0.0,0.0,0.0,0.0,0.0,0.0,0.0,0.0,0.0,0.0
"Prudently , hty had diversified into banking and insurance , and as a result htir influence was felt at ht highest level",0.8125,0.65,13,0.7222222222222223,20,16,0.875,0.7,0.7777777777777777,14,20,16,1.0,3.0,0.0,3.0,2.0,4.0,4.0,0.0,2.0,0.0,0.0,0.0,0.0,1.0,1.0,0.0,0.0,0.0,0.0,0.0,0.0,0.0,0.0,0.0,0.0,0.0,0.0,0.0,0.0,0.0
"Prudently , there'sy had diversified into banking and insurance , and as a result there'sir influence was felt at there's highest level",0.47058823529411764,0.4,8,0.4324324324324324,20,17,0.5294117647058824,0.45,0.48648648648648646,9,20,17,2.0,4.0,0.0,2.0,1.0,3.0,2.0,0.0,3.0,2.0,0.0,0.0,0.0,1.0,1.0,0.0,0.0,0.0,0.0,0.0,0.0,0.0,0.0,0.0,0.0,0.0,0.0,0.0,0.0,0.0
"Prudently , THERy had diversified into banking and insurance , and as a result THERir influence was felt at THER highest level",0.8125,0.65,13,0.7222222222222223,20,16,0.875,0.7,0.7777777777777777,14,20,16,1.0,3.0,0.0,3.0,2.0,4.0,4.0,0.0,2.0,0.0,0.0,0.0,0.0,1.0,1.0,0.0,0.0,0.0,0.0,0.0,0.0,0.0,0.0,0.0,0.0,0.0,0.0,0.0,0.0,0.0
"Prudently , dy had diversified into banking and insurance , and as a result dir influence was felt at d highest level",0.8125,0.65,13,0.7222222222222223,20,16,0.875,0.7,0.7777777777777777,14,20,16,1.0,3.0,0.0,3.0,2.0,4.0,4.0,0.0,2.0,0.0,0.0,0.0,0.0,1.0,1.0,0.0,0.0,0.0,0.0,0.0,0.0,0.0,0.0,0.0,0.0,0.0,0.0,0.0,0.0,0.0
"Prudently , ghty had diversified into banking and insurance , and as a result ghtir influence was felt at ght highest level",0.8125,0.65,13,0.7222222222222223,20,16,0.875,0.7,0.7777777777777777,14,20,16,1.0,3.0,0.0,3.0,2.0,4.0,4.0,0.0,2.0,0.0,0.0,0.0,0.0,1.0,1.0,0.0,0.0,0.0,0.0,0.0,0.0,0.0,0.0,0.0,0.0,0.0,0.0,0.0,0.0,0.0
"Prudently , they had diversified into banking and insurance , and as a result their influence was felt at the heist level",0.8125,0.65,13,0.7222222222222223,20,16,0.875,0.7,0.7777777777777777,14,20,16,1.0,3.0,0.0,3.0,2.0,4.0,4.0,0.0,2.0,0.0,0.0,0.0,0.0,1.0,1.0,0.0,0.0,0.0,0.0,0.0,0.0,0.0,0.0,0.0,0.0,0.0,0.0,0.0,0.0,0.0
"Prudently , they had diversified into banking and insurance , and as a result their influence was felt at the highes level",0.8125,0.65,13,0.7222222222222223,20,16,0.875,0.7,0.7777777777777777,14,20,16,1.0,3.0,0.0,3.0,2.0,4.0,4.0,0.0,2.0,0.0,0.0,0.0,0.0,1.0,1.0,0.0,0.0,0.0,0.0,0.0,0.0,0.0,0.0,0.0,0.0,0.0,0.0,0.0,0.0,0.0
"Prudently , they had diversified into banking and insurance , and as a result their influence was felt at the hightest level",0.8125,0.65,13,0.7222222222222223,20,16,0.875,0.7,0.7777777777777777,14,20,16,1.0,3.0,0.0,3.0,2.0,4.0,4.0,0.0,2.0,0.0,0.0,0.0,0.0,1.0,1.0,0.0,0.0,0.0,0.0,0.0,0.0,0.0,0.0,0.0,0.0,0.0,0.0,0.0,0.0,0.0
"Prudently , they had diversified into banking and insurance , and as a result their influence was felt at the highist level",0.8125,0.65,13,0.7222222222222223,20,16,0.875,0.7,0.7777777777777777,14,20,16,1.0,3.0,0.0,3.0,2.0,4.0,4.0,0.0,2.0,0.0,0.0,0.0,0.0,1.0,1.0,0.0,0.0,0.0,0.0,0.0,0.0,0.0,0.0,0.0,0.0,0.0,0.0,0.0,0.0,0.0
"Prudently , they had diversified into banking and insurance , and as a result their influence was felt at the highst level",0.8125,0.65,13,0.7222222222222223,20,16,0.875,0.7,0.7777777777777777,14,20,16,1.0,3.0,0.0,3.0,2.0,4.0,4.0,0.0,2.0,0.0,0.0,0.0,0.0,1.0,1.0,0.0,0.0,0.0,0.0,0.0,0.0,0.0,0.0,0.0,0.0,0.0,0.0,0.0,0.0,0.0
"Prudently , they had diversified into banking and insurance , and as a result their influence was felt at the highest lavel",0.8125,0.65,13,0.7222222222222223,20,16,0.875,0.7,0.7777777777777777,14,20,16,1.0,3.0,0.0,3.0,2.0,4.0,4.0,0.0,2.0,0.0,0.0,0.0,0.0,1.0,1.0,0.0,0.0,0.0,0.0,0.0,0.0,0.0,0.0,0.0,0.0,0.0,0.0,0.0,0.0,0.0
"Prudently , they had diversified into banking and insurance , and as a result their influence was felt at the highest leveal",0.8125,0.65,13,0.7222222222222223,20,16,0.875,0.7,0.7777777777777777,14,20,16,1.0,3.0,0.0,3.0,2.0,4.0,4.0,0.0,2.0,0.0,0.0,0.0,0.0,1.0,1.0,0.0,0.0,0.0,0.0,0.0,0.0,0.0,0.0,0.0,0.0,0.0,0.0,0.0,0.0,0.0
"Prudently , they had diversified into banking and insurance , and as a result their influence was felt at the highest leverl",0.8125,0.65,13,0.7222222222222223,20,16,0.875,0.7,0.7777777777777777,14,20,16,1.0,3.0,0.0,3.0,2.0,4.0,4.0,0.0,2.0,0.0,0.0,0.0,0.0,1.0,1.0,0.0,0.0,0.0,0.0,0.0,0.0,0.0,0.0,0.0,0.0,0.0,0.0,0.0,0.0,0.0
Yhe arranged marriage would be the social event of the following year .,0.5833333333333334,0.7777777777777778,7,0.6666666666666666,9,12,0.5833333333333334,0.7777777777777778,0.6666666666666666,7,9,12,0.0,0.0,0.0,1.0,1.0,3.0,2.0,0.0,1.0,0.0,0.0,0.0,0.0,1.0,0.0,0.0,0.0,0.0,0.0,0.0,0.0,0.0,0.0,0.0,0.0,0.0,0.0,0.0,0.0,0.0
Tge arranged marriage would be the social event of the following year .,1.0,0.8888888888888888,8,0.9411764705882353,9,8,1.0,0.8888888888888888,0.9411764705882353,8,9,8,0.0,0.0,0.0,1.0,1.0,4.0,2.0,0.0,0.0,0.0,0.0,0.0,0.0,1.0,0.0,0.0,0.0,0.0,0.0,0.0,0.0,0.0,0.0,0.0,0.0,0.0,0.0,0.0,0.0,0.0
VThe arranged marriage would be the social event of the following year .,1.0,0.8888888888888888,8,0.9411764705882353,9,8,1.0,0.8888888888888888,0.9411764705882353,8,9,8,0.0,0.0,0.0,1.0,1.0,4.0,2.0,0.0,0.0,0.0,0.0,0.0,0.0,1.0,0.0,0.0,0.0,0.0,0.0,0.0,0.0,0.0,0.0,0.0,0.0,0.0,0.0,0.0,0.0,0.0
Thte arranged marriage would be the social event of the following year .,0.7,0.7777777777777778,7,0.7368421052631577,9,10,0.7,0.7777777777777778,0.7368421052631577,7,9,10,0.0,0.0,0.0,1.0,1.0,3.0,2.0,0.0,1.0,0.0,0.0,0.0,0.0,1.0,0.0,0.0,0.0,0.0,0.0,0.0,0.0,0.0,0.0,0.0,0.0,0.0,0.0,0.0,0.0,0.0
They arranged marriage would be the social event of the following year .,0.5833333333333334,0.7777777777777778,7,0.6666666666666666,9,12,0.5833333333333334,0.7777777777777778,0.6666666666666666,7,9,12,0.0,0.0,0.0,1.0,1.0,3.0,2.0,0.0,1.0,0.0,0.0,0.0,0.0,1.0,0.0,0.0,0.0,0.0,0.0,0.0,0.0,0.0,0.0,0.0,0.0,0.0,0.0,0.0,0.0,0.0
The erranged marriage would be the social event of the following year .,1.0,0.8888888888888888,8,0.9411764705882353,9,8,1.0,0.8888888888888888,0.9411764705882353,8,9,8,0.0,0.0,0.0,1.0,1.0,4.0,2.0,0.0,0.0,0.0,0.0,0.0,0.0,1.0,0.0,0.0,0.0,0.0,0.0,0.0,0.0,0.0,0.0,0.0,0.0,0.0,0.0,0.0,0.0,0.0
The arrenged marriage would be the social event of the following year .,1.0,0.8888888888888888,8,0.9411764705882353,9,8,1.0,0.8888888888888888,0.9411764705882353,8,9,8,0.0,0.0,0.0,1.0,1.0,4.0,2.0,0.0,0.0,0.0,0.0,0.0,0.0,1.0,0.0,0.0,0.0,0.0,0.0,0.0,0.0,0.0,0.0,0.0,0.0,0.0,0.0,0.0,0.0,0.0
The arranjed marriage would be the social event of the following year .,1.0,0.8888888888888888,8,0.9411764705882353,9,8,1.0,0.8888888888888888,0.9411764705882353,8,9,8,0.0,0.0,0.0,1.0,1.0,4.0,2.0,0.0,0.0,0.0,0.0,0.0,0.0,1.0,0.0,0.0,0.0,0.0,0.0,0.0,0.0,0.0,0.0,0.0,0.0,0.0,0.0,0.0,0.0,0.0
The arranged mariage would be the social event of the following year .,1.0,0.8888888888888888,8,0.9411764705882353,9,8,1.0,0.8888888888888888,0.9411764705882353,8,9,8,0.0,0.0,0.0,1.0,1.0,4.0,2.0,0.0,0.0,0.0,0.0,0.0,0.0,1.0,0.0,0.0,0.0,0.0,0.0,0.0,0.0,0.0,0.0,0.0,0.0,0.0,0.0,0.0,0.0,0.0
The arranged marriege would be the social event of the following year .,1.0,0.8888888888888888,8,0.9411764705882353,9,8,1.0,0.8888888888888888,0.9411764705882353,8,9,8,0.0,0.0,0.0,1.0,1.0,4.0,2.0,0.0,0.0,0.0,0.0,0.0,0.0,1.0,0.0,0.0,0.0,0.0,0.0,0.0,0.0,0.0,0.0,0.0,0.0,0.0,0.0,0.0,0.0,0.0
The arranged marrige would be the social event of the following year .,1.0,0.8888888888888888,8,0.9411764705882353,9,8,1.0,0.8888888888888888,0.9411764705882353,8,9,8,0.0,0.0,0.0,1.0,1.0,4.0,2.0,0.0,0.0,0.0,0.0,0.0,0.0,1.0,0.0,0.0,0.0,0.0,0.0,0.0,0.0,0.0,0.0,0.0,0.0,0.0,0.0,0.0,0.0,0.0
The arranged marage would be the social event of the following year .,1.0,0.8888888888888888,8,0.9411764705882353,9,8,1.0,0.8888888888888888,0.9411764705882353,8,9,8,0.0,0.0,0.0,1.0,1.0,4.0,2.0,0.0,0.0,0.0,0.0,0.0,0.0,1.0,0.0,0.0,0.0,0.0,0.0,0.0,0.0,0.0,0.0,0.0,0.0,0.0,0.0,0.0,0.0,0.0
The arranged marriage woult be the social event of the following year .,1.0,0.8888888888888888,8,0.9411764705882353,9,8,1.0,0.8888888888888888,0.9411764705882353,8,9,8,0.0,0.0,0.0,1.0,1.0,4.0,2.0,0.0,0.0,0.0,0.0,0.0,0.0,1.0,0.0,0.0,0.0,0.0,0.0,0.0,0.0,0.0,0.0,0.0,0.0,0.0,0.0,0.0,0.0,0.0
The arranged marriage di be the social event of the following year .,0.8571428571428571,0.6666666666666666,6,0.75,9,7,0.8571428571428571,0.6666666666666666,0.75,6,9,7,0.0,0.0,0.0,1.0,1.0,3.0,1.0,0.0,1.0,1.0,0.0,0.0,0.0,1.0,0.0,0.0,0.0,0.0,0.0,0.0,0.0,0.0,0.0,0.0,0.0,0.0,0.0,0.0,0.0,0.0
The arranged marriage world be the social event of the following year .,0.8571428571428571,0.6666666666666666,6,0.75,9,7,0.8571428571428571,0.6666666666666666,0.75,6,9,7,0.0,0.0,0.0,1.0,1.0,3.0,1.0,0.0,1.0,1.0,0.0,0.0,0.0,1.0,0.0,0.0,0.0,0.0,0.0,0.0,0.0,0.0,0.0,0.0,0.0,0.0,0.0,0.0,0.0,0.0
The arranged marriage whould be the social event of the following year .,1.0,0.8888888888888888,8,0.9411764705882353,9,8,1.0,0.8888888888888888,0.9411764705882353,8,9,8,0.0,0.0,0.0,1.0,1.0,4.0,2.0,0.0,0.0,0.0,0.0,0.0,0.0,1.0,0.0,0.0,0.0,0.0,0.0,0.0,0.0,0.0,0.0,0.0,0.0,0.0,0.0,0.0,0.0,0.0
The arranged marriage would be the sozial event of the following year .,1.0,0.8888888888888888,8,0.9411764705882353,9,8,1.0,0.8888888888888888,0.9411764705882353,8,9,8,0.0,0.0,0.0,1.0,1.0,4.0,2.0,0.0,0.0,0.0,0.0,0.0,0.0,1.0,0.0,0.0,0.0,0.0,0.0,0.0,0.0,0.0,0.0,0.0,0.0,0.0,0.0,0.0,0.0,0.0
The arranged marriage would be the sociality event of the following year .,1.0,0.8888888888888888,8,0.9411764705882353,9,8,1.0,0.8888888888888888,0.9411764705882353,8,9,8,0.0,0.0,0.0,1.0,1.0,4.0,2.0,0.0,0.0,0.0,0.0,0.0,0.0,1.0,0.0,0.0,0.0,0.0,0.0,0.0,0.0,0.0,0.0,0.0,0.0,0.0,0.0,0.0,0.0,0.0
The arranged marriage would be the social evet of the following year .,1.0,0.8888888888888888,8,0.9411764705882353,9,8,1.0,0.8888888888888888,0.9411764705882353,8,9,8,0.0,0.0,0.0,1.0,1.0,4.0,2.0,0.0,0.0,0.0,0.0,0.0,0.0,1.0,0.0,0.0,0.0,0.0,0.0,0.0,0.0,0.0,0.0,0.0,0.0,0.0,0.0,0.0,0.0,0.0
The arranged marriage would be the social ivent of the following year .,1.0,0.8888888888888888,8,0.9411764705882353,9,8,1.0,0.8888888888888888,0.9411764705882353,8,9,8,0.0,0.0,0.0,1.0,1.0,4.0,2.0,0.0,0.0,0.0,0.0,0.0,0.0,1.0,0.0,0.0,0.0,0.0,0.0,0.0,0.0,0.0,0.0,0.0,0.0,0.0,0.0,0.0,0.0,0.0
The arranged marriage would be the social evenement of the following year .,1.0,0.8888888888888888,8,0.9411764705882353,9,8,1.0,0.8888888888888888,0.9411764705882353,8,9,8,0.0,0.0,0.0,1.0,1.0,4.0,2.0,0.0,0.0,0.0,0.0,0.0,0.0,1.0,0.0,0.0,0.0,0.0,0.0,0.0,0.0,0.0,0.0,0.0,0.0,0.0,0.0,0.0,0.0,0.0
The arranged marriage would be the social even of the following year .,1.0,0.8888888888888888,8,0.9411764705882353,9,8,1.0,0.8888888888888888,0.9411764705882353,8,9,8,0.0,0.0,0.0,1.0,1.0,4.0,2.0,0.0,0.0,0.0,0.0,0.0,0.0,1.0,0.0,0.0,0.0,0.0,0.0,0.0,0.0,0.0,0.0,0.0,0.0,0.0,0.0,0.0,0.0,0.0
The arranged marriage would be the social event of the folllowing year .,1.0,0.8888888888888888,8,0.9411764705882353,9,8,1.0,0.8888888888888888,0.9411764705882353,8,9,8,0.0,0.0,0.0,1.0,1.0,4.0,2.0,0.0,0.0,0.0,0.0,0.0,0.0,1.0,0.0,0.0,0.0,0.0,0.0,0.0,0.0,0.0,0.0,0.0,0.0,0.0,0.0,0.0,0.0,0.0
The arranged marriage would be the social event of the follwoing year .,1.0,0.8888888888888888,8,0.9411764705882353,9,8,1.0,0.8888888888888888,0.9411764705882353,8,9,8,0.0,0.0,0.0,1.0,1.0,4.0,2.0,0.0,0.0,0.0,0.0,0.0,0.0,1.0,0.0,0.0,0.0,0.0,0.0,0.0,0.0,0.0,0.0,0.0,0.0,0.0,0.0,0.0,0.0,0.0
The arranged marriage would be the social event of the follow year .,1.0,0.8888888888888888,8,0.9411764705882353,9,8,1.0,0.8888888888888888,0.9411764705882353,8,9,8,0.0,0.0,0.0,1.0,1.0,4.0,2.0,0.0,0.0,0.0,0.0,0.0,0.0,1.0,0.0,0.0,0.0,0.0,0.0,0.0,0.0,0.0,0.0,0.0,0.0,0.0,0.0,0.0,0.0,0.0
The arranged marriage would be the social event of the following yaer .,1.0,0.8888888888888888,8,0.9411764705882353,9,8,1.0,0.8888888888888888,0.9411764705882353,8,9,8,0.0,0.0,0.0,1.0,1.0,4.0,2.0,0.0,0.0,0.0,0.0,0.0,0.0,1.0,0.0,0.0,0.0,0.0,0.0,0.0,0.0,0.0,0.0,0.0,0.0,0.0,0.0,0.0,0.0,0.0
The arranged marriage would be the social event of the following yaers .,1.0,0.8888888888888888,8,0.9411764705882353,9,8,1.0,0.8888888888888888,0.9411764705882353,8,9,8,0.0,0.0,0.0,1.0,1.0,4.0,2.0,0.0,0.0,0.0,0.0,0.0,0.0,1.0,0.0,0.0,0.0,0.0,0.0,0.0,0.0,0.0,0.0,0.0,0.0,0.0,0.0,0.0,0.0,0.0
The arranged marriage would be the social event of the following yeas .,1.0,0.8888888888888888,8,0.9411764705882353,9,8,1.0,0.8888888888888888,0.9411764705882353,8,9,8,0.0,0.0,0.0,1.0,1.0,4.0,2.0,0.0,0.0,0.0,0.0,0.0,0.0,1.0,0.0,0.0,0.0,0.0,0.0,0.0,0.0,0.0,0.0,0.0,0.0,0.0,0.0,0.0,0.0,0.0
The arranged marriage would be the social event of the following yar .,1.0,0.8888888888888888,8,0.9411764705882353,9,8,1.0,0.8888888888888888,0.9411764705882353,8,9,8,0.0,0.0,0.0,1.0,1.0,4.0,2.0,0.0,0.0,0.0,0.0,0.0,0.0,1.0,0.0,0.0,0.0,0.0,0.0,0.0,0.0,0.0,0.0,0.0,0.0,0.0,0.0,0.0,0.0,0.0
The arranged marriage would be the social event of the following yeat .,1.0,0.8888888888888888,8,0.9411764705882353,9,8,1.0,0.8888888888888888,0.9411764705882353,8,9,8,0.0,0.0,0.0,1.0,1.0,4.0,2.0,0.0,0.0,0.0,0.0,0.0,0.0,1.0,0.0,0.0,0.0,0.0,0.0,0.0,0.0,0.0,0.0,0.0,0.0,0.0,0.0,0.0,0.0,0.0
"Wenn at last she spoke , her words were heavy and disjointed .",0.5833333333333334,0.5384615384615384,7,0.5599999999999999,13,12,0.6666666666666666,0.6153846153846154,0.64,8,13,12,1.0,2.0,0.0,0.0,2.0,2.0,2.0,0.0,0.0,0.0,0.0,0.0,0.0,2.0,0.0,0.0,0.0,1.0,1.0,1.0,0.0,0.0,0.0,0.0,0.0,0.0,0.0,0.0,0.0,0.0
"Whren at last she spoke , her words were heavy and disjointed .",0.7777777777777778,0.5384615384615384,7,0.6363636363636364,13,9,0.7777777777777778,0.5384615384615384,0.6363636363636364,7,13,9,1.0,3.0,0.0,0.0,1.0,2.0,2.0,0.0,0.0,0.0,0.0,0.0,0.0,2.0,0.0,0.0,0.0,0.0,0.0,1.0,1.0,0.0,0.0,0.0,0.0,0.0,0.0,0.0,0.0,0.0
"Whe at last she spoke , her words were heavy and disjointed .",0.7777777777777778,0.5384615384615384,7,0.6363636363636364,13,9,0.7777777777777778,0.5384615384615384,0.6363636363636364,7,13,9,1.0,3.0,0.0,0.0,1.0,2.0,2.0,0.0,0.0,0.0,0.0,0.0,0.0,2.0,0.0,0.0,0.0,0.0,0.0,1.0,1.0,0.0,0.0,0.0,0.0,0.0,0.0,0.0,0.0,0.0
"Whem at last she spoke , her words were heavy and disjointed .",0.6,0.46153846153846156,6,0.5217391304347826,13,10,0.7,0.5384615384615384,0.608695652173913,7,13,10,1.0,3.0,0.0,0.0,1.0,2.0,2.0,0.0,0.0,0.0,0.0,0.0,0.0,2.0,0.0,0.0,0.0,1.0,0.0,1.0,0.0,1.0,0.0,0.0,0.0,0.0,0.0,0.0,0.0,0.0
"Whwen at last she spoke , her words were heavy and disjointed .",0.6363636363636364,0.5384615384615384,7,0.5833333333333334,13,11,0.6363636363636364,0.5384615384615384,0.5833333333333334,7,13,11,1.0,2.0,0.0,0.0,2.0,2.0,2.0,0.0,0.0,0.0,0.0,0.0,0.0,2.0,0.0,0.0,0.0,1.0,0.0,1.0,0.0,0.0,0.0,0.0,0.0,0.0,0.0,0.0,0.0,0.0
"When at Iast she spoke , her words were heavy and disjointed .",0.7,0.5384615384615384,7,0.608695652173913,13,10,0.8,0.6153846153846154,0.6956521739130435,8,13,10,1.0,3.0,0.0,0.0,1.0,2.0,2.0,0.0,0.0,0.0,0.0,0.0,0.0,2.0,0.0,0.0,0.0,0.0,0.0,1.0,1.0,1.0,0.0,0.0,0.0,0.0,0.0,0.0,0.0,0.0
"When at lazy she spoke , her words were heavy and disjointed .",0.5,0.46153846153846156,6,0.48000000000000004,13,12,0.6666666666666666,0.6153846153846154,0.64,8,13,12,1.0,3.0,0.0,0.0,1.0,2.0,2.0,0.0,0.0,0.0,0.0,0.0,0.0,2.0,0.0,0.0,0.0,1.0,0.0,1.0,0.0,0.0,1.0,1.0,0.0,0.0,0.0,0.0,0.0,0.0
"When at lasth she spoke , her words were heavy and disjointed .",0.7,0.5384615384615384,7,0.608695652173913,13,10,0.8,0.6153846153846154,0.6956521739130435,8,13,10,1.0,3.0,0.0,0.0,1.0,2.0,2.0,0.0,0.0,0.0,0.0,0.0,0.0,2.0,0.0,0.0,0.0,0.0,0.0,1.0,1.0,1.0,0.0,0.0,0.0,0.0,0.0,0.0,0.0,0.0
"When at lost she spoke , her words were heavy and disjointed .",0.7,0.5384615384615384,7,0.608695652173913,13,10,0.8,0.6153846153846154,0.6956521739130435,8,13,10,1.0,3.0,0.0,0.0,1.0,2.0,2.0,1.0,0.0,0.0,0.0,0.0,0.0,2.0,0.0,0.0,0.0,0.0,0.0,1.0,1.0,0.0,0.0,0.0,0.0,0.0,0.0,0.0,0.0,0.0
"When at last whe spoke , her words were heavy and disjointed .",0.7,0.5384615384615384,7,0.608695652173913,13,10,0.8,0.6153846153846154,0.6956521739130435,8,13,10,1.0,3.0,0.0,0.0,1.0,2.0,2.0,0.0,0.0,0.0,0.0,0.0,0.0,2.0,1.0,0.0,0.0,0.0,0.0,1.0,1.0,0.0,0.0,0.0,0.0,0.0,0.0,0.0,0.0,0.0
"When at last shie spoke , her words were heavy and disjointed .",0.6666666666666666,0.46153846153846156,6,0.5454545454545455,13,9,0.6666666666666666,0.46153846153846156,0.5454545454545455,6,13,9,1.0,3.0,0.0,0.0,1.0,1.0,2.0,0.0,1.0,0.0,0.0,0.0,0.0,2.0,0.0,0.0,0.0,0.0,0.0,1.0,1.0,0.0,0.0,0.0,0.0,0.0,0.0,0.0,0.0,0.0
"When at last seh spoke , her words were heavy and disjointed .",0.6666666666666666,0.46153846153846156,6,0.5454545454545455,13,9,0.6666666666666666,0.46153846153846156,0.5454545454545455,6,13,9,1.0,3.0,0.0,0.0,1.0,1.0,2.0,0.0,1.0,0.0,0.0,0.0,0.0,2.0,0.0,0.0,0.0,0.0,0.0,1.0,1.0,0.0,0.0,0.0,0.0,0.0,0.0,0.0,0.0,0.0
"When at last se spoke , her words were heavy and disjointed .",0.6666666666666666,0.46153846153846156,6,0.5454545454545455,13,9,0.6666666666666666,0.46153846153846156,0.5454545454545455,6,13,9,1.0,3.0,0.0,0.0,1.0,1.0,2.0,0.0,1.0,0.0,0.0,0.0,0.0,2.0,0.0,0.0,0.0,0.0,0.0,1.0,1.0,0.0,0.0,0.0,0.0,0.0,0.0,0.0,0.0,0.0
"When at last Shi spoke , her words were heavy and disjointed .",0.7,0.5384615384615384,7,0.608695652173913,13,10,0.8,0.6153846153846154,0.6956521739130435,8,13,10,1.0,3.0,0.0,0.0,1.0,2.0,2.0,0.0,0.0,0.0,0.0,0.0,0.0,2.0,1.0,0.0,0.0,0.0,0.0,1.0,1.0,0.0,0.0,0.0,0.0,0.0,0.0,0.0,0.0,0.0
"When at last she spoked , her words were heavy and disjointed .",0.7,0.5384615384615384,7,0.608695652173913,13,10,0.8,0.6153846153846154,0.6956521739130435,8,13,10,1.0,3.0,0.0,0.0,1.0,2.0,2.0,0.0,0.0,0.0,0.0,0.0,0.0,2.0,1.0,0.0,0.0,0.0,0.0,1.0,1.0,0.0,0.0,0.0,0.0,0.0,0.0,0.0,0.0,0.0
"When at last she spoke , ho words were heavy and disjointed .",0.7,0.5384615384615384,7,0.608695652173913,13,10,0.8,0.6153846153846154,0.6956521739130435,8,13,10,1.0,3.0,0.0,0.0,1.0,2.0,2.0,0.0,0.0,0.0,0.0,0.0,0.0,2.0,1.0,0.0,0.0,0.0,0.0,1.0,1.0,0.0,0.0,0.0,0.0,0.0,0.0,0.0,0.0,0.0
"When at last she spoke , hers words were heavy and disjointed .",0.7,0.5384615384615384,7,0.608695652173913,13,10,0.8,0.6153846153846154,0.6956521739130435,8,13,10,1.0,3.0,0.0,0.0,1.0,2.0,2.0,0.0,0.0,0.0,0.0,0.0,0.0,2.0,1.0,0.0,0.0,0.0,0.0,1.0,1.0,0.0,0.0,0.0,0.0,0.0,0.0,0.0,0.0,0.0
"When at last she spoke , hef words were heavy and disjointed .",0.7,0.5384615384615384,7,0.608695652173913,13,10,0.8,0.6153846153846154,0.6956521739130435,8,13,10,1.0,3.0,0.0,0.0,1.0,2.0,2.0,0.0,0.0,0.0,0.0,0.0,0.0,2.0,1.0,0.0,0.0,0.0,0.0,1.0,1.0,0.0,0.0,0.0,0.0,0.0,0.0,0.0,0.0,0.0
"When at last she spoke , her qwords were heavy and disjointed .",0.7,0.5384615384615384,7,0.608695652173913,13,10,0.8,0.6153846153846154,0.6956521739130435,8,13,10,1.0,3.0,0.0,0.0,1.0,2.0,2.0,0.0,0.0,0.0,0.0,0.0,0.0,2.0,1.0,0.0,0.0,0.0,0.0,1.0,1.0,0.0,0.0,0.0,0.0,0.0,0.0,0.0,0.0,0.0
"When at last she spoke , her worlds were heavy and disjointed .",0.7,0.5384615384615384,7,0.608695652173913,13,10,0.8,0.6153846153846154,0.6956521739130435,8,13,10,1.0,3.0,0.0,0.0,1.0,2.0,2.0,0.0,0.0,0.0,0.0,0.0,0.0,2.0,1.0,0.0,0.0,0.0,0.0,1.0,1.0,0.0,0.0,0.0,0.0,0.0,0.0,0.0,0.0,0.0
"When at last she spoke , her works were heavy and disjointed .",0.7,0.5384615384615384,7,0.608695652173913,13,10,0.8,0.6153846153846154,0.6956521739130435,8,13,10,1.0,3.0,0.0,0.0,1.0,2.0,2.0,0.0,0.0,0.0,0.0,0.0,0.0,2.0,1.0,0.0,0.0,0.0,0.0,1.0,1.0,0.0,0.0,0.0,0.0,0.0,0.0,0.0,0.0,0.0
"When at last she spoke , her words werw heavy and disjointed .",0.7,0.5384615384615384,7,0.608695652173913,13,10,0.8,0.6153846153846154,0.6956521739130435,8,13,10,1.0,3.0,0.0,0.0,1.0,2.0,2.0,0.0,0.0,0.0,0.0,0.0,0.0,2.0,1.0,0.0,0.0,0.0,0.0,1.0,1.0,0.0,0.0,0.0,0.0,0.0,0.0,0.0,0.0,0.0
"When at last she spoke , her words we're heavy and disjointed .",0.45454545454545453,0.38461538461538464,5,0.41666666666666663,13,11,0.5454545454545454,0.46153846153846156,0.4999999999999999,6,13,11,1.0,4.0,0.0,0.0,0.0,2.0,1.0,0.0,0.0,1.0,0.0,0.0,0.0,2.0,1.0,0.0,0.0,0.0,0.0,1.0,1.0,0.0,0.0,0.0,0.0,0.0,0.0,0.0,0.0,0.0
"When at last she spoke , her words wer heavy and disjointed .",0.7,0.5384615384615384,7,0.608695652173913,13,10,0.8,0.6153846153846154,0.6956521739130435,8,13,10,1.0,3.0,0.0,0.0,1.0,2.0,2.0,0.0,0.0,0.0,0.0,0.0,0.0,2.0,1.0,0.0,0.0,0.0,0.0,1.0,1.0,0.0,0.0,0.0,0.0,0.0,0.0,0.0,0.0,0.0
"When at last she spoke , her words vere heavy and disjointed .",0.7,0.5384615384615384,7,0.608695652173913,13,10,0.8,0.6153846153846154,0.6956521739130435,8,13,10,1.0,3.0,0.0,0.0,1.0,2.0,2.0,0.0,0.0,0.0,0.0,0.0,0.0,2.0,1.0,0.0,0.0,0.0,0.0,1.0,1.0,0.0,0.0,0.0,0.0,0.0,0.0,0.0,0.0,0.0
"When at last she spoke , her words was heavy and disjointed .",0.7,0.5384615384615384,7,0.608695652173913,13,10,0.8,0.6153846153846154,0.6956521739130435,8,13,10,1.0,3.0,0.0,0.0,1.0,2.0,2.0,0.0,0.0,0.0,0.0,0.0,0.0,2.0,1.0,0.0,0.0,0.0,0.0,1.0,1.0,0.0,0.0,0.0,0.0,0.0,0.0,0.0,0.0,0.0
"When at last she spoke , her words were heary and disjointed .",0.7,0.5384615384615384,7,0.608695652173913,13,10,0.8,0.6153846153846154,0.6956521739130435,8,13,10,1.0,3.0,0.0,0.0,1.0,2.0,2.0,0.0,0.0,0.0,0.0,0.0,0.0,2.0,1.0,0.0,0.0,0.0,0.0,1.0,1.0,0.0,0.0,0.0,0.0,0.0,0.0,0.0,0.0,0.0
"When at last she spoke , her words were heave and disjointed .",0.7,0.5384615384615384,7,0.608695652173913,13,10,0.8,0.6153846153846154,0.6956521739130435,8,13,10,1.0,3.0,0.0,0.0,1.0,2.0,2.0,0.0,0.0,0.0,0.0,0.0,0.0,2.0,1.0,0.0,0.0,0.0,0.0,1.0,1.0,0.0,0.0,0.0,0.0,0.0,0.0,0.0,0.0,0.0
"When at last she spoke , her words were reavy and disjointed .",0.7,0.5384615384615384,7,0.608695652173913,13,10,0.8,0.6153846153846154,0.6956521739130435,8,13,10,1.0,3.0,0.0,0.0,1.0,2.0,2.0,0.0,0.0,0.0,0.0,0.0,0.0,2.0,1.0,0.0,0.0,0.0,0.0,1.0,1.0,0.0,0.0,0.0,0.0,0.0,0.0,0.0,0.0,0.0
"When at last she spoke , her words were heavy um disjointed .",0.7,0.5384615384615384,7,0.608695652173913,13,10,0.8,0.6153846153846154,0.6956521739130435,8,13,10,1.0,3.0,0.0,0.0,1.0,2.0,2.0,0.0,0.0,0.0,0.0,0.0,0.0,2.0,1.0,0.0,0.0,0.0,0.0,1.0,1.0,0.0,0.0,0.0,0.0,0.0,0.0,0.0,0.0,0.0
"When at last she spoke , her words were heavy amd disjointed .",0.6363636363636364,0.5384615384615384,7,0.5833333333333334,13,11,0.7272727272727273,0.6153846153846154,0.6666666666666667,8,13,11,1.0,3.0,0.0,0.0,1.0,2.0,2.0,0.0,0.0,0.0,0.0,0.0,0.0,2.0,1.0,0.0,0.0,0.0,0.0,1.0,1.0,0.0,0.0,0.0,0.0,0.0,0.0,0.0,0.0,0.0
"When at last she spoke , her words were heavy & disjointed .",0.7,0.5384615384615384,7,0.608695652173913,13,10,0.8,0.6153846153846154,0.6956521739130435,8,13,10,1.0,3.0,0.0,0.0,1.0,2.0,2.0,0.0,0.0,0.0,0.0,0.0,0.0,2.0,1.0,0.0,0.0,0.0,0.0,1.0,1.0,0.0,0.0,0.0,0.0,0.0,0.0,0.0,0.0,0.0
"When at last she spoke , her words were heavy ansd disjointed .",0.7,0.5384615384615384,7,0.608695652173913,13,10,0.8,0.6153846153846154,0.6956521739130435,8,13,10,1.0,3.0,0.0,0.0,1.0,2.0,2.0,0.0,0.0,0.0,0.0,0.0,0.0,2.0,1.0,0.0,0.0,0.0,0.0,1.0,1.0,0.0,0.0,0.0,0.0,0.0,0.0,0.0,0.0,0.0
"When at last she spoke , her words were heavy ou disjointed .",0.7,0.5384615384615384,7,0.608695652173913,13,10,0.8,0.6153846153846154,0.6956521739130435,8,13,10,1.0,3.0,0.0,0.0,1.0,2.0,2.0,0.0,0.0,0.0,0.0,0.0,0.0,2.0,1.0,0.0,0.0,0.0,0.0,1.0,1.0,0.0,0.0,0.0,0.0,0.0,0.0,0.0,0.0,0.0
"When at last she spoke , her words were heavy and disjointed .",0.7,0.5384615384615384,7,0.608695652173913,13,10,0.8,0.6153846153846154,0.6956521739130435,8,13,10,1.0,3.0,0.0,0.0,1.0,2.0,2.0,0.0,0.0,0.0,0.0,0.0,0.0,2.0,1.0,0.0,0.0,0.0,0.0,1.0,1.0,0.0,0.0,0.0,0.0,0.0,0.0,0.0,0.0,0.0
Tha road to the coast was busy with traffic in both directions .,0.9090909090909091,0.9090909090909091,10,0.9090909090909091,11,11,0.9090909090909091,0.9090909090909091,0.9090909090909091,10,11,11,0.0,0.0,0.0,3.0,1.0,5.0,1.0,0.0,0.0,0.0,0.0,0.0,0.0,1.0,0.0,0.0,0.0,0.0,0.0,0.0,0.0,0.0,0.0,0.0,0.0,0.0,0.0,0.0,0.0,0.0
Trhe road to the coast was busy with traffic in both directions .,0.9090909090909091,0.9090909090909091,10,0.9090909090909091,11,11,0.9090909090909091,0.9090909090909091,0.9090909090909091,10,11,11,0.0,0.0,0.0,3.0,1.0,5.0,1.0,0.0,0.0,0.0,0.0,0.0,0.0,1.0,0.0,0.0,0.0,0.0,0.0,0.0,0.0,0.0,0.0,0.0,0.0,0.0,0.0,0.0,0.0,0.0
He road to the coast was busy with traffic in both directions .,0.7272727272727273,0.7272727272727273,8,0.7272727272727273,11,11,0.7272727272727273,0.7272727272727273,0.7272727272727273,8,11,11,0.0,0.0,0.0,3.0,1.0,3.0,1.0,0.0,2.0,0.0,0.0,0.0,0.0,1.0,0.0,0.0,0.0,0.0,0.0,0.0,0.0,0.0,0.0,0.0,0.0,0.0,0.0,0.0,0.0,0.0
They road to the coast was busy with traffic in both directions .,0.7272727272727273,0.7272727272727273,8,0.7272727272727273,11,11,0.7272727272727273,0.7272727272727273,0.7272727272727273,8,11,11,0.0,0.0,0.0,3.0,1.0,3.0,1.0,0.0,2.0,0.0,0.0,0.0,0.0,1.0,0.0,0.0,0.0,0.0,0.0,0.0,0.0,0.0,0.0,0.0,0.0,0.0,0.0,0.0,0.0,0.0
The roud to the coast was busy with traffic in both directions .,0.9090909090909091,0.9090909090909091,10,0.9090909090909091,11,11,0.9090909090909091,0.9090909090909091,0.9090909090909091,10,11,11,0.0,0.0,0.0,3.0,1.0,5.0,1.0,0.0,0.0,0.0,0.0,0.0,0.0,1.0,0.0,0.0,0.0,0.0,0.0,0.0,0.0,0.0,0.0,0.0,0.0,0.0,0.0,0.0,0.0,0.0
The rood to the coast was busy with traffic in both directions .,0.9090909090909091,0.9090909090909091,10,0.9090909090909091,11,11,0.9090909090909091,0.9090909090909091,0.9090909090909091,10,11,11,0.0,0.0,0.0,3.0,1.0,5.0,1.0,0.0,0.0,0.0,0.0,0.0,0.0,1.0,0.0,0.0,0.0,0.0,0.0,0.0,0.0,0.0,0.0,0.0,0.0,0.0,0.0,0.0,0.0,0.0
The roade to the coast was busy with traffic in both directions .,0.9090909090909091,0.9090909090909091,10,0.9090909090909091,11,11,0.9090909090909091,0.9090909090909091,0.9090909090909091,10,11,11,0.0,0.0,0.0,3.0,1.0,5.0,1.0,0.0,0.0,0.0,0.0,0.0,0.0,1.0,0.0,0.0,0.0,0.0,0.0,0.0,0.0,0.0,0.0,0.0,0.0,0.0,0.0,0.0,0.0,0.0
The Rd to the coast was busy with traffic in both directions .,0.9090909090909091,0.9090909090909091,10,0.9090909090909091,11,11,0.9090909090909091,0.9090909090909091,0.9090909090909091,10,11,11,0.0,0.0,0.0,3.0,1.0,5.0,1.0,0.0,0.0,0.0,0.0,0.0,0.0,1.0,0.0,0.0,0.0,0.0,0.0,0.0,0.0,0.0,0.0,0.0,0.0,0.0,0.0,0.0,0.0,0.0
The road to th coast was busy with traffic in both directions .,0.9090909090909091,0.9090909090909091,10,0.9090909090909091,11,11,0.9090909090909091,0.9090909090909091,0.9090909090909091,10,11,11,0.0,0.0,0.0,3.0,1.0,5.0,1.0,0.0,0.0,0.0,0.0,0.0,0.0,1.0,0.0,0.0,0.0,0.0,0.0,0.0,0.0,0.0,0.0,0.0,0.0,0.0,0.0,0.0,0.0,0.0
The road to they coast was busy with traffic in both directions .,0.9090909090909091,0.9090909090909091,10,0.9090909090909091,11,11,0.9090909090909091,0.9090909090909091,0.9090909090909091,10,11,11,0.0,0.0,0.0,3.0,1.0,5.0,1.0,0.0,0.0,0.0,0.0,0.0,0.0,1.0,0.0,0.0,0.0,0.0,0.0,0.0,0.0,0.0,0.0,0.0,0.0,0.0,0.0,0.0,0.0,0.0
The road to ht coast was busy with traffic in both directions .,0.9090909090909091,0.9090909090909091,10,0.9090909090909091,11,11,0.9090909090909091,0.9090909090909091,0.9090909090909091,10,11,11,0.0,0.0,0.0,3.0,1.0,5.0,1.0,0.0,0.0,0.0,0.0,0.0,0.0,1.0,0.0,0.0,0.0,0.0,0.0,0.0,0.0,0.0,0.0,0.0,0.0,0.0,0.0,0.0,0.0,0.0
The road to thr coast was busy with traffic in both directions .,0.9090909090909091,0.9090909090909091,10,0.9090909090909091,11,11,0.9090909090909091,0.9090909090909091,0.9090909090909091,10,11,11,0.0,0.0,0.0,3.0,1.0,5.0,1.0,0.0,0.0,0.0,0.0,0.0,0.0,1.0,0.0,0.0,0.0,0.0,0.0,0.0,0.0,0.0,0.0,0.0,0.0,0.0,0.0,0.0,0.0,0.0
The road to thw coast was busy with traffic in both directions .,0.9090909090909091,0.9090909090909091,10,0.9090909090909091,11,11,0.9090909090909091,0.9090909090909091,0.9090909090909091,10,11,11,0.0,0.0,0.0,3.0,1.0,5.0,1.0,0.0,0.0,0.0,0.0,0.0,0.0,1.0,0.0,0.0,0.0,0.0,0.0,0.0,0.0,0.0,0.0,0.0,0.0,0.0,0.0,0.0,0.0,0.0
The road to the cost was busy with traffic in both directions .,0.9090909090909091,0.9090909090909091,10,0.9090909090909091,11,11,0.9090909090909091,0.9090909090909091,0.9090909090909091,10,11,11,0.0,0.0,0.0,3.0,1.0,5.0,1.0,0.0,0.0,0.0,0.0,0.0,0.0,1.0,0.0,0.0,0.0,0.0,0.0,0.0,0.0,0.0,0.0,0.0,0.0,0.0,0.0,0.0,0.0,0.0
The road to the coats was busy with traffic in both directions .,0.9090909090909091,0.9090909090909091,10,0.9090909090909091,11,11,0.9090909090909091,0.9090909090909091,0.9090909090909091,10,11,11,0.0,0.0,0.0,3.0,1.0,5.0,1.0,0.0,0.0,0.0,0.0,0.0,0.0,1.0,0.0,0.0,0.0,0.0,0.0,0.0,0.0,0.0,0.0,0.0,0.0,0.0,0.0,0.0,0.0,0.0
The road to the coat was busy with traffic in both directions .,0.9090909090909091,0.9090909090909091,10,0.9090909090909091,11,11,0.9090909090909091,0.9090909090909091,0.9090909090909091,10,11,11,0.0,0.0,0.0,3.0,1.0,5.0,1.0,0.0,0.0,0.0,0.0,0.0,0.0,1.0,0.0,0.0,0.0,0.0,0.0,0.0,0.0,0.0,0.0,0.0,0.0,0.0,0.0,0.0,0.0,0.0
The road to the coast wass busy with traffic in both directions .,0.6,0.5454545454545454,6,0.5714285714285713,11,10,0.7,0.6363636363636364,0.6666666666666666,7,11,10,1.0,1.0,0.0,2.0,0.0,3.0,0.0,0.0,2.0,1.0,1.0,0.0,0.0,0.0,0.0,0.0,0.0,0.0,0.0,1.0,0.0,0.0,0.0,0.0,0.0,0.0,0.0,0.0,0.0,0.0
The road to the coast sas busy with traffic in both directions .,0.9090909090909091,0.9090909090909091,10,0.9090909090909091,11,11,0.9090909090909091,0.9090909090909091,0.9090909090909091,10,11,11,0.0,0.0,0.0,3.0,1.0,5.0,1.0,0.0,0.0,0.0,0.0,0.0,0.0,1.0,0.0,0.0,0.0,0.0,0.0,0.0,0.0,0.0,0.0,0.0,0.0,0.0,0.0,0.0,0.0,0.0
The road to the coast it's busy with traffic in both directions .,0.6666666666666666,0.7272727272727273,8,0.6956521739130435,11,12,0.6666666666666666,0.7272727272727273,0.6956521739130435,8,11,12,0.0,1.0,0.0,3.0,0.0,5.0,0.0,0.0,0.0,1.0,0.0,0.0,0.0,1.0,0.0,0.0,0.0,0.0,0.0,0.0,0.0,0.0,0.0,0.0,0.0,0.0,0.0,0.0,0.0,0.0
The road to the coast ware busy with traffic in both directions .,0.9090909090909091,0.9090909090909091,10,0.9090909090909091,11,11,0.9090909090909091,0.9090909090909091,0.9090909090909091,10,11,11,0.0,0.0,0.0,3.0,1.0,5.0,1.0,0.0,0.0,0.0,0.0,0.0,0.0,1.0,0.0,0.0,0.0,0.0,0.0,0.0,0.0,0.0,0.0,0.0,0.0,0.0,0.0,0.0,0.0,0.0
The road to the coast was busying with traffic in both directions .,0.9090909090909091,0.9090909090909091,10,0.9090909090909091,11,11,1.0,1.0,1.0,11,11,11,0.0,0.0,0.0,3.0,1.0,5.0,1.0,0.0,0.0,0.0,0.0,0.0,0.0,1.0,0.0,0.0,0.0,0.0,0.0,0.0,0.0,0.0,0.0,0.0,1.0,0.0,0.0,0.0,0.0,0.0
The road to the coast was buy with traffic in both directions .,0.9090909090909091,0.9090909090909091,10,0.9090909090909091,11,11,1.0,1.0,1.0,11,11,11,0.0,0.0,0.0,3.0,1.0,5.0,1.0,0.0,0.0,0.0,0.0,0.0,0.0,1.0,0.0,0.0,0.0,0.0,0.0,0.0,0.0,0.0,0.0,0.0,1.0,0.0,0.0,0.0,0.0,0.0
The road to the coast was besy with traffic in both directions .,0.9090909090909091,0.9090909090909091,10,0.9090909090909091,11,11,0.9090909090909091,0.9090909090909091,0.9090909090909091,10,11,11,0.0,0.0,0.0,3.0,1.0,5.0,1.0,0.0,0.0,0.0,0.0,0.0,0.0,1.0,0.0,0.0,0.0,0.0,0.0,0.0,0.0,0.0,0.0,0.0,0.0,0.0,0.0,0.0,0.0,0.0
The road to the coast was bussy with traffic in both directions .,0.9090909090909091,0.9090909090909091,10,0.9090909090909091,11,11,0.9090909090909091,0.9090909090909091,0.9090909090909091,10,11,11,0.0,0.0,0.0,3.0,1.0,5.0,1.0,0.0,0.0,0.0,0.0,0.0,0.0,1.0,0.0,0.0,0.0,0.0,0.0,0.0,0.0,0.0,0.0,0.0,0.0,0.0,0.0,0.0,0.0,0.0
The road to the coast was BUSI with traffic in both directions .,0.9090909090909091,0.9090909090909091,10,0.9090909090909091,11,11,0.9090909090909091,0.9090909090909091,0.9090909090909091,10,11,11,0.0,0.0,0.0,3.0,1.0,5.0,1.0,0.0,0.0,0.0,0.0,0.0,0.0,1.0,0.0,0.0,0.0,0.0,0.0,0.0,0.0,0.0,0.0,0.0,0.0,0.0,0.0,0.0,0.0,0.0
The road to the coast was busy wkth traffic in both directions .,0.8888888888888888,0.7272727272727273,8,0.7999999999999999,11,9,0.8888888888888888,0.7272727272727273,0.7999999999999999,8,11,9,1.0,0.0,0.0,2.0,1.0,4.0,1.0,0.0,1.0,0.0,0.0,0.0,0.0,1.0,0.0,0.0,0.0,0.0,0.0,0.0,0.0,0.0,0.0,0.0,0.0,0.0,0.0,0.0,0.0,0.0
The road to the coast was busy wich traffic in both directions .,0.8888888888888888,0.7272727272727273,8,0.7999999999999999,11,9,0.8888888888888888,0.7272727272727273,0.7999999999999999,8,11,9,1.0,0.0,0.0,2.0,1.0,4.0,1.0,0.0,1.0,0.0,0.0,0.0,0.0,1.0,0.0,0.0,0.0,0.0,0.0,0.0,0.0,0.0,0.0,0.0,0.0,0.0,0.0,0.0,0.0,0.0
The road to the coast was busy whi traffic in both directions .,0.8,0.7272727272727273,8,0.761904761904762,11,10,0.9,0.8181818181818182,0.8571428571428572,9,11,10,1.0,0.0,0.0,2.0,1.0,4.0,1.0,0.0,1.0,0.0,0.0,0.0,0.0,1.0,0.0,0.0,0.0,0.0,0.0,0.0,0.0,1.0,0.0,0.0,0.0,0.0,0.0,0.0,0.0,0.0
The road to the coast was busy wth traffic in both directions .,0.9090909090909091,0.9090909090909091,10,0.9090909090909091,11,11,0.9090909090909091,0.9090909090909091,0.9090909090909091,10,11,11,0.0,0.0,0.0,3.0,1.0,5.0,1.0,0.0,0.0,0.0,0.0,0.0,0.0,1.0,0.0,0.0,0.0,0.0,0.0,0.0,0.0,0.0,0.0,0.0,0.0,0.0,0.0,0.0,0.0,0.0
The road to the coast was busy wist traffic in both directions .,0.8888888888888888,0.7272727272727273,8,0.7999999999999999,11,9,0.8888888888888888,0.7272727272727273,0.7999999999999999,8,11,9,1.0,0.0,0.0,2.0,1.0,4.0,1.0,0.0,1.0,0.0,0.0,0.0,0.0,1.0,0.0,0.0,0.0,0.0,0.0,0.0,0.0,0.0,0.0,0.0,0.0,0.0,0.0,0.0,0.0,0.0
The road to the coast was busy with traffi in both directions .,0.9090909090909091,0.9090909090909091,10,0.9090909090909091,11,11,0.9090909090909091,0.9090909090909091,0.9090909090909091,10,11,11,0.0,0.0,0.0,3.0,1.0,5.0,1.0,0.0,0.0,0.0,0.0,0.0,0.0,1.0,0.0,0.0,0.0,0.0,0.0,0.0,0.0,0.0,0.0,0.0,0.0,0.0,0.0,0.0,0.0,0.0
The road to the coast was busy with traffic in doth directions .,0.75,0.8181818181818182,9,0.7826086956521738,11,12,0.75,0.8181818181818182,0.7826086956521738,9,11,12,1.0,0.0,0.0,2.0,1.0,5.0,1.0,0.0,0.0,0.0,0.0,0.0,0.0,1.0,0.0,0.0,0.0,0.0,0.0,0.0,0.0,0.0,0.0,0.0,0.0,0.0,0.0,0.0,0.0,0.0
The road to the coast was busy with traffic in broth directions .,0.9090909090909091,0.9090909090909091,10,0.9090909090909091,11,11,0.9090909090909091,0.9090909090909091,0.9090909090909091,10,11,11,0.0,0.0,0.0,3.0,1.0,5.0,1.0,0.0,0.0,0.0,0.0,0.0,0.0,1.0,0.0,0.0,0.0,0.0,0.0,0.0,0.0,0.0,0.0,0.0,0.0,0.0,0.0,0.0,0.0,0.0
The road to the coast was busy with traffic in bosh directions .,0.9090909090909091,0.9090909090909091,10,0.9090909090909091,11,11,0.9090909090909091,0.9090909090909091,0.9090909090909091,10,11,11,0.0,0.0,0.0,3.0,1.0,5.0,1.0,0.0,0.0,0.0,0.0,0.0,0.0,1.0,0.0,0.0,0.0,0.0,0.0,0.0,0.0,0.0,0.0,0.0,0.0,0.0,0.0,0.0,0.0,0.0
The road to the coast was busy with traffic in borth directions .,0.75,0.8181818181818182,9,0.7826086956521738,11,12,0.75,0.8181818181818182,0.7826086956521738,9,11,12,1.0,0.0,0.0,2.0,1.0,5.0,1.0,0.0,0.0,0.0,0.0,0.0,0.0,1.0,0.0,0.0,0.0,0.0,0.0,0.0,0.0,0.0,0.0,0.0,0.0,0.0,0.0,0.0,0.0,0.0
The road to the coast was busy with traffic in bot directions .,0.9090909090909091,0.9090909090909091,10,0.9090909090909091,11,11,0.9090909090909091,0.9090909090909091,0.9090909090909091,10,11,11,0.0,0.0,0.0,3.0,1.0,5.0,1.0,0.0,0.0,0.0,0.0,0.0,0.0,1.0,0.0,0.0,0.0,0.0,0.0,0.0,0.0,0.0,0.0,0.0,0.0,0.0,0.0,0.0,0.0,0.0
The road to the coast was busy with traffic in both directoins .,0.9090909090909091,0.9090909090909091,10,0.9090909090909091,11,11,0.9090909090909091,0.9090909090909091,0.9090909090909091,10,11,11,0.0,0.0,0.0,3.0,1.0,5.0,1.0,0.0,0.0,0.0,0.0,0.0,0.0,1.0,0.0,0.0,0.0,0.0,0.0,0.0,0.0,0.0,0.0,0.0,0.0,0.0,0.0,0.0,0.0,0.0
The road to the coast was busy with traffic in both direction .,0.9090909090909091,0.9090909090909091,10,0.9090909090909091,11,11,0.9090909090909091,0.9090909090909091,0.9090909090909091,10,11,11,0.0,0.0,0.0,3.0,1.0,5.0,1.0,0.0,0.0,0.0,0.0,0.0,0.0,1.0,0.0,0.0,0.0,0.0,0.0,0.0,0.0,0.0,0.0,0.0,0.0,0.0,0.0,0.0,0.0,0.0
The road to the coast was busy with traffic in both dirrrections .,0.9090909090909091,0.9090909090909091,10,0.9090909090909091,11,11,0.9090909090909091,0.9090909090909091,0.9090909090909091,10,11,11,0.0,0.0,0.0,3.0,1.0,5.0,1.0,0.0,0.0,0.0,0.0,0.0,0.0,1.0,0.0,0.0,0.0,0.0,0.0,0.0,0.0,0.0,0.0,0.0,0.0,0.0,0.0,0.0,0.0,0.0
Yhe expected date came and went .,0.2857142857142857,0.4,2,0.3333333333333333,5,7,0.2857142857142857,0.4,0.3333333333333333,2,5,7,0.0,0.0,0.0,0.0,1.0,0.0,1.0,0.0,1.0,2.0,0.0,0.0,0.0,0.0,0.0,0.0,0.0,0.0,0.0,0.0,0.0,0.0,0.0,0.0,0.0,0.0,0.0,0.0,0.0,0.0
Tge expected date came and went .,1.0,0.6,3,0.7499999999999999,5,3,1.0,0.6,0.7499999999999999,3,5,3,0.0,0.0,0.0,0.0,1.0,1.0,1.0,0.0,0.0,2.0,0.0,0.0,0.0,0.0,0.0,0.0,0.0,0.0,0.0,0.0,0.0,0.0,0.0,0.0,0.0,0.0,0.0,0.0,0.0,0.0
Tha expected date came and went .,1.0,0.8,4,0.888888888888889,5,4,1.0,0.8,0.888888888888889,4,5,4,0.0,0.0,0.0,0.0,1.0,1.0,2.0,0.0,0.0,1.0,0.0,0.0,0.0,0.0,0.0,0.0,0.0,0.0,0.0,0.0,0.0,0.0,0.0,0.0,0.0,0.0,0.0,0.0,0.0,0.0
VThe expected date came and went .,1.0,0.6,3,0.7499999999999999,5,3,1.0,0.6,0.7499999999999999,3,5,3,0.0,0.0,0.0,0.0,1.0,1.0,1.0,0.0,0.0,2.0,0.0,0.0,0.0,0.0,0.0,0.0,0.0,0.0,0.0,0.0,0.0,0.0,0.0,0.0,0.0,0.0,0.0,0.0,0.0,0.0
He expected date came and went .,0.2857142857142857,0.4,2,0.3333333333333333,5,7,0.2857142857142857,0.4,0.3333333333333333,2,5,7,0.0,0.0,0.0,0.0,1.0,0.0,1.0,0.0,1.0,2.0,0.0,0.0,0.0,0.0,0.0,0.0,0.0,0.0,0.0,0.0,0.0,0.0,0.0,0.0,0.0,0.0,0.0,0.0,0.0,0.0
The espected date came and went .,1.0,1.0,5,1.0,5,5,1.0,1.0,1.0,5,5,5,0.0,0.0,0.0,0.0,1.0,1.0,3.0,0.0,0.0,0.0,0.0,0.0,0.0,0.0,0.0,0.0,0.0,0.0,0.0,0.0,0.0,0.0,0.0,0.0,0.0,0.0,0.0,0.0,0.0,0.0
The expectted date came and went .,1.0,1.0,5,1.0,5,5,1.0,1.0,1.0,5,5,5,0.0,0.0,0.0,0.0,1.0,1.0,3.0,0.0,0.0,0.0,0.0,0.0,0.0,0.0,0.0,0.0,0.0,0.0,0.0,0.0,0.0,0.0,0.0,0.0,0.0,0.0,0.0,0.0,0.0,0.0
The expecto date came and went .,1.0,1.0,5,1.0,5,5,1.0,1.0,1.0,5,5,5,0.0,0.0,0.0,0.0,1.0,1.0,3.0,0.0,0.0,0.0,0.0,0.0,0.0,0.0,0.0,0.0,0.0,0.0,0.0,0.0,0.0,0.0,0.0,0.0,0.0,0.0,0.0,0.0,0.0,0.0
The expected dat came and went .,1.0,0.6,3,0.7499999999999999,5,3,1.0,0.6,0.7499999999999999,3,5,3,0.0,0.0,0.0,0.0,1.0,1.0,1.0,0.0,0.0,2.0,0.0,0.0,0.0,0.0,0.0,0.0,0.0,0.0,0.0,0.0,0.0,0.0,0.0,0.0,0.0,0.0,0.0,0.0,0.0,0.0
The expected adate came and went .,1.0,0.6,3,0.7499999999999999,5,3,1.0,0.6,0.7499999999999999,3,5,3,0.0,0.0,0.0,0.0,1.0,1.0,1.0,0.0,0.0,2.0,0.0,0.0,0.0,0.0,0.0,0.0,0.0,0.0,0.0,0.0,0.0,0.0,0.0,0.0,0.0,0.0,0.0,0.0,0.0,0.0
The expected data came and went .,1.0,1.0,5,1.0,5,5,1.0,1.0,1.0,5,5,5,0.0,0.0,0.0,0.0,1.0,1.0,3.0,0.0,0.0,0.0,0.0,0.0,0.0,0.0,0.0,0.0,0.0,0.0,0.0,0.0,0.0,0.0,0.0,0.0,0.0,0.0,0.0,0.0,0.0,0.0
The expected date come and went .,1.0,1.0,5,1.0,5,5,1.0,1.0,1.0,5,5,5,0.0,0.0,0.0,0.0,1.0,1.0,3.0,0.0,0.0,0.0,0.0,0.0,0.0,0.0,0.0,0.0,0.0,0.0,0.0,0.0,0.0,0.0,0.0,0.0,0.0,0.0,0.0,0.0,0.0,0.0
The expected date coem and went .,0.3333333333333333,0.2,1,0.25,5,3,0.6666666666666666,0.4,0.5,2,5,3,0.0,1.0,0.0,0.0,0.0,0.0,1.0,0.0,1.0,2.0,0.0,0.0,0.0,0.0,0.0,0.0,0.0,0.0,0.0,0.0,0.0,0.0,0.0,0.0,0.0,1.0,0.0,0.0,0.0,0.0
The expected date cam and went .,0.3333333333333333,0.2,1,0.25,5,3,0.6666666666666666,0.4,0.5,2,5,3,0.0,1.0,0.0,0.0,0.0,0.0,1.0,0.0,1.0,2.0,1.0,0.0,0.0,0.0,0.0,0.0,0.0,0.0,0.0,0.0,0.0,0.0,0.0,0.0,0.0,0.0,0.0,0.0,0.0,0.0
The expected date cae and went .,0.3333333333333333,0.2,1,0.25,5,3,0.6666666666666666,0.4,0.5,2,5,3,0.0,1.0,0.0,0.0,0.0,0.0,1.0,0.0,1.0,2.0,1.0,0.0,0.0,0.0,0.0,0.0,0.0,0.0,0.0,0.0,0.0,0.0,0.0,0.0,0.0,0.0,0.0,0.0,0.0,0.0
The expected date came et went .,0.8,0.8,4,0.8000000000000002,5,5,0.8,0.8,0.8000000000000002,4,5,5,0.0,0.0,0.0,0.0,1.0,1.0,2.0,0.0,0.0,1.0,0.0,0.0,0.0,0.0,0.0,0.0,0.0,0.0,0.0,0.0,0.0,0.0,0.0,0.0,0.0,0.0,0.0,0.0,0.0,0.0
The expected date came andave went .,0.6,0.6,3,0.6,5,5,0.6,0.6,0.6,3,5,5,0.0,0.0,0.0,0.0,1.0,1.0,1.0,0.0,0.0,2.0,0.0,0.0,0.0,0.0,0.0,0.0,0.0,0.0,0.0,0.0,0.0,0.0,0.0,0.0,0.0,0.0,0.0,0.0,0.0,0.0
The expected date came at went .,0.8,0.8,4,0.8000000000000002,5,5,0.8,0.8,0.8000000000000002,4,5,5,0.0,0.0,0.0,0.0,1.0,1.0,2.0,0.0,0.0,1.0,0.0,0.0,0.0,0.0,0.0,0.0,0.0,0.0,0.0,0.0,0.0,0.0,0.0,0.0,0.0,0.0,0.0,0.0,0.0,0.0
The expected date came Ande went .,0.5714285714285714,0.8,4,0.6666666666666666,5,7,0.5714285714285714,0.8,0.6666666666666666,4,5,7,0.0,0.0,0.0,0.0,1.0,1.0,2.0,0.0,0.0,1.0,0.0,0.0,0.0,0.0,0.0,0.0,0.0,0.0,0.0,0.0,0.0,0.0,0.0,0.0,0.0,0.0,0.0,0.0,0.0,0.0
The expected date came as went .,0.6666666666666666,0.8,4,0.7272727272727272,5,6,0.6666666666666666,0.8,0.7272727272727272,4,5,6,0.0,0.0,0.0,0.0,1.0,1.0,2.0,0.0,0.0,1.0,0.0,0.0,0.0,0.0,0.0,0.0,0.0,0.0,0.0,0.0,0.0,0.0,0.0,0.0,0.0,0.0,0.0,0.0,0.0,0.0
The expected date came and wen .,1.0,0.6,3,0.7499999999999999,5,3,1.0,0.6,0.7499999999999999,3,5,3,0.0,0.0,0.0,0.0,1.0,1.0,1.0,0.0,0.0,2.0,0.0,0.0,0.0,0.0,0.0,0.0,0.0,0.0,0.0,0.0,0.0,0.0,0.0,0.0,0.0,0.0,0.0,0.0,0.0,0.0
The expected date came and wend .,1.0,0.6,3,0.7499999999999999,5,3,1.0,0.6,0.7499999999999999,3,5,3,0.0,0.0,0.0,0.0,1.0,1.0,1.0,0.0,0.0,2.0,0.0,0.0,0.0,0.0,0.0,0.0,0.0,0.0,0.0,0.0,0.0,0.0,0.0,0.0,0.0,0.0,0.0,0.0,0.0,0.0
The expected date came and wento .,1.0,0.8,4,0.888888888888889,5,4,1.0,0.8,0.888888888888889,4,5,4,0.0,0.0,0.0,0.0,1.0,1.0,2.0,0.0,0.0,1.0,0.0,0.0,0.0,0.0,0.0,0.0,0.0,0.0,0.0,0.0,0.0,0.0,0.0,0.0,0.0,0.0,0.0,0.0,0.0,0.0
The expected date came and vent .,1.0,0.8,4,0.888888888888889,5,4,1.0,0.8,0.888888888888889,4,5,4,0.0,0.0,0.0,0.0,1.0,1.0,2.0,0.0,0.0,1.0,0.0,0.0,0.0,0.0,0.0,0.0,0.0,0.0,0.0,0.0,0.0,0.0,0.0,0.0,0.0,0.0,0.0,0.0,0.0,0.0
"Sha sighed at the irony of it all , the waste of it all .",0.5294117647058824,0.6923076923076923,9,0.5999999999999999,13,17,0.5294117647058824,0.6923076923076923,0.5999999999999999,9,13,17,1.0,0.0,0.0,2.0,1.0,6.0,0.0,0.0,2.0,1.0,0.0,0.0,0.0,0.0,0.0,0.0,0.0,0.0,0.0,0.0,0.0,0.0,0.0,0.0,0.0,0.0,0.0,0.0,0.0,0.0
"She's sighed at the irony of it all , the waste of it all .",0.3125,0.38461538461538464,5,0.3448275862068966,13,16,0.3125,0.38461538461538464,0.3448275862068966,5,13,16,2.0,1.0,0.0,1.0,0.0,4.0,0.0,0.0,4.0,1.0,0.0,0.0,0.0,0.0,0.0,0.0,0.0,0.0,0.0,0.0,0.0,0.0,0.0,0.0,0.0,0.0,0.0,0.0,0.0,0.0
"SHe sighed at the irony of it all , the waste of it all .",0.4666666666666667,0.5384615384615384,7,0.5,13,15,0.4666666666666667,0.5384615384615384,0.5,7,13,15,2.0,0.0,0.0,1.0,1.0,5.0,0.0,0.0,3.0,1.0,0.0,0.0,0.0,0.0,0.0,0.0,0.0,0.0,0.0,0.0,0.0,0.0,0.0,0.0,0.0,0.0,0.0,0.0,0.0,0.0
"Shi sighed at the irony of it all , the waste of it all .",0.5294117647058824,0.6923076923076923,9,0.5999999999999999,13,17,0.5294117647058824,0.6923076923076923,0.5999999999999999,9,13,17,1.0,0.0,0.0,2.0,1.0,6.0,0.0,0.0,2.0,1.0,0.0,0.0,0.0,0.0,0.0,0.0,0.0,0.0,0.0,0.0,0.0,0.0,0.0,0.0,0.0,0.0,0.0,0.0,0.0,0.0
"She sighed at the irony of it all , the waste of it all .",0.4117647058823529,0.5384615384615384,7,0.4666666666666667,13,17,0.4117647058823529,0.5384615384615384,0.4666666666666667,7,13,17,2.0,0.0,0.0,1.0,1.0,5.0,0.0,0.0,3.0,1.0,0.0,0.0,0.0,0.0,0.0,0.0,0.0,0.0,0.0,0.0,0.0,0.0,0.0,0.0,0.0,0.0,0.0,0.0,0.0,0.0
"She sighed at the irony of it all , the waste of it all .",0.4117647058823529,0.5384615384615384,7,0.4666666666666667,13,17,0.4117647058823529,0.5384615384615384,0.4666666666666667,7,13,17,2.0,0.0,0.0,1.0,1.0,5.0,0.0,0.0,3.0,1.0,0.0,0.0,0.0,0.0,0.0,0.0,0.0,0.0,0.0,0.0,0.0,0.0,0.0,0.0,0.0,0.0,0.0,0.0,0.0,0.0
"She sighed at the irony of it all , the waset of it all .",0.4117647058823529,0.5384615384615384,7,0.4666666666666667,13,17,0.4117647058823529,0.5384615384615384,0.4666666666666667,7,13,17,2.0,0.0,0.0,1.0,1.0,5.0,0.0,0.0,3.0,1.0,0.0,0.0,0.0,0.0,0.0,0.0,0.0,0.0,0.0,0.0,0.0,0.0,0.0,0.0,0.0,0.0,0.0,0.0,0.0,0.0
"She sighed at the irony of it all , the waiste of it all .",0.4117647058823529,0.5384615384615384,7,0.4666666666666667,13,17,0.4117647058823529,0.5384615384615384,0.4666666666666667,7,13,17,2.0,0.0,0.0,1.0,1.0,5.0,0.0,0.0,3.0,1.0,0.0,0.0,0.0,0.0,0.0,0.0,0.0,0.0,0.0,0.0,0.0,0.0,0.0,0.0,0.0,0.0,0.0,0.0,0.0,0.0
"She sighed at the irony of it all , the watste of it all .",0.4117647058823529,0.5384615384615384,7,0.4666666666666667,13,17,0.4117647058823529,0.5384615384615384,0.4666666666666667,7,13,17,2.0,0.0,0.0,1.0,1.0,5.0,0.0,0.0,3.0,1.0,0.0,0.0,0.0,0.0,0.0,0.0,0.0,0.0,0.0,0.0,0.0,0.0,0.0,0.0,0.0,0.0,0.0,0.0,0.0,0.0
"She sighed at the irony of it all , the waist of it all .",0.4117647058823529,0.5384615384615384,7,0.4666666666666667,13,17,0.4117647058823529,0.5384615384615384,0.4666666666666667,7,13,17,2.0,0.0,0.0,1.0,1.0,5.0,0.0,0.0,3.0,1.0,0.0,0.0,0.0,0.0,0.0,0.0,0.0,0.0,0.0,0.0,0.0,0.0,0.0,0.0,0.0,0.0,0.0,0.0,0.0,0.0
Alle through August the rain hardly stopped .,0.5,0.5714285714285714,4,0.5333333333333333,7,8,0.5,0.5714285714285714,0.5333333333333333,4,7,8,1.0,0.0,0.0,0.0,1.0,2.0,0.0,0.0,1.0,1.0,0.0,0.0,0.0,0.0,0.0,0.0,0.0,0.0,0.0,0.0,0.0,0.0,0.0,0.0,0.0,0.0,1.0,0.0,0.0,0.0
All through August the rain hardly stopped .,0.5,0.5714285714285714,4,0.5333333333333333,7,8,0.5,0.5714285714285714,0.5333333333333333,4,7,8,1.0,0.0,0.0,0.0,1.0,2.0,0.0,0.0,1.0,1.0,0.0,0.0,0.0,0.0,0.0,0.0,0.0,0.0,0.0,0.0,0.0,0.0,0.0,0.0,0.0,0.0,1.0,0.0,0.0,0.0
Alll through August the rain hardly stopped .,0.42857142857142855,0.42857142857142855,3,0.42857142857142855,7,7,0.42857142857142855,0.42857142857142855,0.42857142857142855,3,7,7,1.0,0.0,0.0,0.0,1.0,1.0,0.0,0.0,2.0,1.0,0.0,0.0,0.0,0.0,0.0,0.0,0.0,0.0,0.0,0.0,0.0,0.0,0.0,0.0,0.0,0.0,1.0,0.0,0.0,0.0
All throgh August the rain hardly stopped .,0.42857142857142855,0.42857142857142855,3,0.42857142857142855,7,7,0.42857142857142855,0.42857142857142855,0.42857142857142855,3,7,7,1.0,0.0,0.0,0.0,1.0,1.0,0.0,0.0,2.0,1.0,0.0,0.0,0.0,0.0,0.0,0.0,0.0,0.0,0.0,0.0,0.0,0.0,0.0,0.0,0.0,0.0,1.0,0.0,0.0,0.0
All trough August the rain hardly stopped .,0.6,0.42857142857142855,3,0.5,7,5,0.6,0.42857142857142855,0.5,3,7,5,1.0,0.0,0.0,0.0,1.0,1.0,0.0,0.0,2.0,1.0,0.0,0.0,0.0,0.0,0.0,0.0,0.0,0.0,0.0,0.0,0.0,0.0,0.0,0.0,0.0,0.0,1.0,0.0,0.0,0.0
All thhriugh August the rain hardly stopped .,0.6,0.42857142857142855,3,0.5,7,5,0.6,0.42857142857142855,0.5,3,7,5,1.0,0.0,0.0,0.0,1.0,1.0,0.0,0.0,2.0,1.0,0.0,0.0,0.0,0.0,0.0,0.0,0.0,0.0,0.0,0.0,0.0,0.0,0.0,0.0,0.0,0.0,1.0,0.0,0.0,0.0
All througth August the rain hardly stopped .,0.6,0.42857142857142855,3,0.5,7,5,0.6,0.42857142857142855,0.5,3,7,5,1.0,0.0,0.0,0.0,1.0,1.0,0.0,0.0,2.0,1.0,0.0,0.0,0.0,0.0,0.0,0.0,0.0,0.0,0.0,0.0,0.0,0.0,0.0,0.0,0.0,0.0,1.0,0.0,0.0,0.0
All throuhg August the rain hardly stopped .,0.6,0.42857142857142855,3,0.5,7,5,0.6,0.42857142857142855,0.5,3,7,5,1.0,0.0,0.0,0.0,1.0,1.0,0.0,0.0,2.0,1.0,0.0,0.0,0.0,0.0,0.0,0.0,0.0,0.0,0.0,0.0,0.0,0.0,0.0,0.0,0.0,0.0,1.0,0.0,0.0,0.0
All through Agust the rain hardly stopped .,0.6,0.42857142857142855,3,0.5,7,5,0.6,0.42857142857142855,0.5,3,7,5,1.0,0.0,0.0,0.0,1.0,1.0,0.0,0.0,2.0,1.0,0.0,0.0,0.0,0.0,0.0,0.0,0.0,0.0,0.0,0.0,0.0,0.0,0.0,0.0,0.0,0.0,1.0,0.0,0.0,0.0
All through Agost the rain hardly stopped .,0.6,0.42857142857142855,3,0.5,7,5,0.6,0.42857142857142855,0.5,3,7,5,1.0,0.0,0.0,0.0,1.0,1.0,0.0,0.0,2.0,1.0,0.0,0.0,0.0,0.0,0.0,0.0,0.0,0.0,0.0,0.0,0.0,0.0,0.0,0.0,0.0,0.0,1.0,0.0,0.0,0.0
All through Agusto the rain hardly stopped .,0.5,0.5714285714285714,4,0.5333333333333333,7,8,0.5,0.5714285714285714,0.5333333333333333,4,7,8,1.0,0.0,0.0,0.0,1.0,2.0,0.0,0.0,1.0,1.0,0.0,0.0,0.0,0.0,0.0,0.0,0.0,0.0,0.0,0.0,0.0,0.0,0.0,0.0,0.0,0.0,1.0,0.0,0.0,0.0
All through Augost the rain hardly stopped .,0.6,0.42857142857142855,3,0.5,7,5,0.6,0.42857142857142855,0.5,3,7,5,1.0,0.0,0.0,0.0,1.0,1.0,0.0,0.0,2.0,1.0,0.0,0.0,0.0,0.0,0.0,0.0,0.0,0.0,0.0,0.0,0.0,0.0,0.0,0.0,0.0,0.0,1.0,0.0,0.0,0.0
All through August 5the rain hardly stopped .,0.42857142857142855,0.42857142857142855,3,0.42857142857142855,7,7,0.7142857142857143,0.7142857142857143,0.7142857142857143,5,7,7,0.0,0.0,0.0,1.0,1.0,0.0,0.0,0.0,3.0,1.0,0.0,0.0,1.0,0.0,0.0,0.0,0.0,0.0,0.0,0.0,0.0,0.0,0.0,0.0,0.0,0.0,1.0,1.0,0.0,0.0
All through August thez rain hardly stopped .,0.42857142857142855,0.42857142857142855,3,0.42857142857142855,7,7,0.7142857142857143,0.7142857142857143,0.7142857142857143,5,7,7,0.0,0.0,0.0,1.0,1.0,0.0,0.0,0.0,3.0,1.0,0.0,0.0,1.0,0.0,0.0,0.0,0.0,0.0,0.0,0.0,0.0,0.0,0.0,0.0,0.0,0.0,1.0,1.0,0.0,0.0
All through August ghe rain hardly stopped .,0.375,0.42857142857142855,3,0.39999999999999997,7,8,0.5,0.5714285714285714,0.5333333333333333,4,7,8,1.0,0.0,0.0,0.0,1.0,1.0,0.0,0.0,2.0,1.0,0.0,0.0,1.0,0.0,0.0,0.0,0.0,0.0,0.0,0.0,0.0,0.0,0.0,0.0,0.0,0.0,1.0,0.0,0.0,0.0
All through August tehe rain hardly stopped .,0.375,0.42857142857142855,3,0.39999999999999997,7,8,0.5,0.5714285714285714,0.5333333333333333,4,7,8,1.0,0.0,0.0,0.0,1.0,1.0,0.0,0.0,2.0,1.0,0.0,0.0,1.0,0.0,0.0,0.0,0.0,0.0,0.0,0.0,0.0,0.0,0.0,0.0,0.0,0.0,1.0,0.0,0.0,0.0
All through August dth rain hardly stopped .,0.375,0.42857142857142855,3,0.39999999999999997,7,8,0.5,0.5714285714285714,0.5333333333333333,4,7,8,1.0,0.0,0.0,0.0,1.0,1.0,0.0,0.0,2.0,1.0,0.0,0.0,1.0,0.0,0.0,0.0,0.0,0.0,0.0,0.0,0.0,0.0,0.0,0.0,0.0,0.0,1.0,0.0,0.0,0.0
All through August the raiin hardly stopped .,0.5714285714285714,0.5714285714285714,4,0.5714285714285714,7,7,0.5714285714285714,0.5714285714285714,0.5714285714285714,4,7,7,1.0,0.0,0.0,0.0,1.0,2.0,0.0,0.0,1.0,1.0,0.0,0.0,0.0,0.0,0.0,0.0,0.0,0.0,0.0,0.0,0.0,0.0,0.0,0.0,0.0,0.0,1.0,0.0,0.0,0.0
All through August the raining hardly stopped .,0.5,0.5714285714285714,4,0.5333333333333333,7,8,0.5,0.5714285714285714,0.5333333333333333,4,7,8,1.0,0.0,0.0,0.0,1.0,2.0,0.0,0.0,1.0,1.0,0.0,0.0,0.0,0.0,0.0,0.0,0.0,0.0,0.0,0.0,0.0,0.0,0.0,0.0,0.0,0.0,1.0,0.0,0.0,0.0
All through August the rains hardly stopped .,0.5714285714285714,0.5714285714285714,4,0.5714285714285714,7,7,0.5714285714285714,0.5714285714285714,0.5714285714285714,4,7,7,1.0,0.0,0.0,0.0,1.0,2.0,0.0,0.0,1.0,1.0,0.0,0.0,0.0,0.0,0.0,0.0,0.0,0.0,0.0,0.0,0.0,0.0,0.0,0.0,0.0,0.0,1.0,0.0,0.0,0.0
All through August the fain hardly stopped .,0.5,0.5714285714285714,4,0.5333333333333333,7,8,0.5,0.5714285714285714,0.5333333333333333,4,7,8,1.0,0.0,0.0,0.0,1.0,2.0,0.0,0.0,1.0,1.0,0.0,0.0,0.0,0.0,0.0,0.0,0.0,0.0,0.0,0.0,0.0,0.0,0.0,0.0,0.0,0.0,1.0,0.0,0.0,0.0
All through August the rain herdly stopped .,0.5,0.5714285714285714,4,0.5333333333333333,7,8,0.5,0.5714285714285714,0.5333333333333333,4,7,8,1.0,0.0,0.0,0.0,1.0,2.0,0.0,0.0,1.0,1.0,0.0,0.0,0.0,0.0,0.0,0.0,0.0,0.0,0.0,0.0,0.0,0.0,0.0,0.0,0.0,0.0,1.0,0.0,0.0,0.0
All through August the rain hardly stoppes .,0.5,0.5714285714285714,4,0.5333333333333333,7,8,0.5,0.5714285714285714,0.5333333333333333,4,7,8,1.0,0.0,0.0,0.0,1.0,2.0,0.0,0.0,1.0,1.0,0.0,0.0,0.0,0.0,0.0,0.0,0.0,0.0,0.0,0.0,0.0,0.0,0.0,0.0,0.0,0.0,1.0,0.0,0.0,0.0
All through August the rain hardly stoped .,0.5,0.5714285714285714,4,0.5333333333333333,7,8,0.5,0.5714285714285714,0.5333333333333333,4,7,8,1.0,0.0,0.0,0.0,1.0,2.0,0.0,0.0,1.0,1.0,0.0,0.0,0.0,0.0,0.0,0.0,0.0,0.0,0.0,0.0,0.0,0.0,0.0,0.0,0.0,0.0,1.0,0.0,0.0,0.0
All through August the rain hardly sstopped .,0.5,0.5714285714285714,4,0.5333333333333333,7,8,0.5,0.5714285714285714,0.5333333333333333,4,7,8,1.0,0.0,0.0,0.0,1.0,2.0,0.0,0.0,1.0,1.0,0.0,0.0,0.0,0.0,0.0,0.0,0.0,0.0,0.0,0.0,0.0,0.0,0.0,0.0,0.0,0.0,1.0,0.0,0.0,0.0
All through August the rain hardly stop .,0.5,0.5714285714285714,4,0.5333333333333333,7,8,0.5,0.5714285714285714,0.5333333333333333,4,7,8,1.0,0.0,0.0,0.0,1.0,2.0,0.0,0.0,1.0,1.0,0.0,0.0,0.0,0.0,0.0,0.0,0.0,0.0,0.0,0.0,0.0,0.0,0.0,0.0,0.0,0.0,1.0,0.0,0.0,0.0
Thinks the gods he did n't have to know of this .,0.8571428571428571,0.8571428571428571,12,0.8571428571428571,14,14,0.9285714285714286,0.9285714285714286,0.9285714285714286,13,14,14,0.0,1.0,0.0,1.0,2.0,4.0,4.0,0.0,0.0,1.0,0.0,0.0,0.0,0.0,0.0,0.0,0.0,0.0,0.0,0.0,1.0,0.0,0.0,0.0,0.0,0.0,0.0,0.0,1.0,0.0
Tanky the gods he did n't have to know of this .,0.9285714285714286,0.9285714285714286,13,0.9285714285714286,14,14,1.0,1.0,1.0,14,14,14,0.0,0.0,0.0,1.0,3.0,4.0,4.0,0.0,0.0,1.0,0.0,0.0,0.0,0.0,0.0,0.0,0.0,0.0,0.0,0.0,1.0,0.0,0.0,0.0,0.0,0.0,0.0,0.0,0.0,1.0
Think the gods he did n't have to know of this .,1.0,1.0,14,1.0,14,14,1.0,1.0,1.0,14,14,14,0.0,0.0,0.0,1.0,3.0,4.0,5.0,0.0,0.0,0.0,0.0,0.0,0.0,0.0,0.0,0.0,0.0,0.0,0.0,0.0,1.0,0.0,0.0,0.0,0.0,0.0,0.0,0.0,0.0,0.0
Thak the gods he did n't have to know of this .,1.0,1.0,14,1.0,14,14,1.0,1.0,1.0,14,14,14,0.0,0.0,0.0,1.0,3.0,4.0,5.0,0.0,0.0,0.0,0.0,0.0,0.0,0.0,0.0,0.0,0.0,0.0,0.0,0.0,1.0,0.0,0.0,0.0,0.0,0.0,0.0,0.0,0.0,0.0
Thank there gods he did n't have to know of this .,0.8,0.8571428571428571,12,0.8275862068965518,14,15,0.8,0.8571428571428571,0.8275862068965518,12,14,15,0.0,0.0,0.0,1.0,3.0,2.0,5.0,0.0,2.0,0.0,0.0,0.0,0.0,0.0,0.0,0.0,0.0,0.0,0.0,0.0,1.0,0.0,0.0,0.0,0.0,0.0,0.0,0.0,0.0,0.0
Thank tho gods he did n't have to know of this .,0.8,0.8571428571428571,12,0.8275862068965518,14,15,0.8,0.8571428571428571,0.8275862068965518,12,14,15,0.0,0.0,0.0,1.0,3.0,2.0,5.0,0.0,2.0,0.0,0.0,0.0,0.0,0.0,0.0,0.0,0.0,0.0,0.0,0.0,1.0,0.0,0.0,0.0,0.0,0.0,0.0,0.0,0.0,0.0
Thank teh gods he did n't have to know of this .,1.0,1.0,14,1.0,14,14,1.0,1.0,1.0,14,14,14,0.0,0.0,0.0,1.0,3.0,4.0,5.0,0.0,0.0,0.0,0.0,0.0,0.0,0.0,0.0,0.0,0.0,0.0,0.0,0.0,1.0,0.0,0.0,0.0,0.0,0.0,0.0,0.0,0.0,0.0
Thank the dogs he did n't have to know of this .,1.0,1.0,14,1.0,14,14,1.0,1.0,1.0,14,14,14,0.0,0.0,0.0,1.0,3.0,4.0,5.0,0.0,0.0,0.0,0.0,0.0,0.0,0.0,0.0,0.0,0.0,0.0,0.0,0.0,1.0,0.0,0.0,0.0,0.0,0.0,0.0,0.0,0.0,0.0
Thank the gods he di n't have to know of this .,0.5714285714285714,0.5714285714285714,8,0.5714285714285714,14,14,0.5714285714285714,0.5714285714285714,0.5714285714285714,8,14,14,0.0,2.0,0.0,1.0,1.0,3.0,3.0,0.0,1.0,2.0,0.0,0.0,0.0,0.0,0.0,0.0,0.0,1.0,0.0,0.0,0.0,0.0,0.0,0.0,0.0,0.0,0.0,0.0,0.0,0.0
Thank the gods he doin n't have to know of this .,0.5714285714285714,0.5714285714285714,8,0.5714285714285714,14,14,0.5714285714285714,0.5714285714285714,0.5714285714285714,8,14,14,0.0,2.0,0.0,1.0,1.0,3.0,3.0,0.0,1.0,2.0,0.0,0.0,0.0,0.0,0.0,0.0,0.0,1.0,0.0,0.0,0.0,0.0,0.0,0.0,0.0,0.0,0.0,0.0,0.0,0.0
Thank the gods he dId n't have to know of this .,0.5714285714285714,0.5714285714285714,8,0.5714285714285714,14,14,0.5714285714285714,0.5714285714285714,0.5714285714285714,8,14,14,0.0,2.0,0.0,1.0,1.0,3.0,3.0,0.0,1.0,2.0,0.0,0.0,0.0,0.0,0.0,0.0,0.0,1.0,0.0,0.0,0.0,0.0,0.0,0.0,0.0,0.0,0.0,0.0,0.0,0.0
Thank the gods he didd n't have to know of this .,0.5714285714285714,0.5714285714285714,8,0.5714285714285714,14,14,0.5714285714285714,0.5714285714285714,0.5714285714285714,8,14,14,0.0,2.0,0.0,1.0,1.0,3.0,3.0,0.0,1.0,2.0,0.0,0.0,0.0,0.0,0.0,0.0,0.0,1.0,0.0,0.0,0.0,0.0,0.0,0.0,0.0,0.0,0.0,0.0,0.0,0.0
Thank the gods he did in ' t have to know of this .,0.5333333333333333,0.5714285714285714,8,0.5517241379310344,14,15,0.5333333333333333,0.5714285714285714,0.5517241379310344,8,14,15,0.0,2.0,0.0,1.0,1.0,3.0,3.0,0.0,1.0,2.0,0.0,0.0,0.0,0.0,0.0,0.0,0.0,1.0,0.0,0.0,0.0,0.0,0.0,0.0,0.0,0.0,0.0,0.0,0.0,0.0
Thank the gods he did n ' it have to know of this .,0.4444444444444444,0.5714285714285714,8,0.5,14,18,0.4444444444444444,0.5714285714285714,0.5,8,14,18,0.0,2.0,0.0,1.0,1.0,3.0,3.0,0.0,1.0,2.0,0.0,0.0,0.0,0.0,0.0,0.0,0.0,1.0,0.0,0.0,0.0,0.0,0.0,0.0,0.0,0.0,0.0,0.0,0.0,0.0
Thank the gods he did No ' t have to know of this .,0.5333333333333333,0.5714285714285714,8,0.5517241379310344,14,15,0.5333333333333333,0.5714285714285714,0.5517241379310344,8,14,15,0.0,2.0,0.0,1.0,1.0,3.0,3.0,0.0,1.0,2.0,0.0,0.0,0.0,0.0,0.0,0.0,0.0,1.0,0.0,0.0,0.0,0.0,0.0,0.0,0.0,0.0,0.0,0.0,0.0,0.0
Thank the gods he did n ' th have to know of this .,0.5333333333333333,0.5714285714285714,8,0.5517241379310344,14,15,0.5333333333333333,0.5714285714285714,0.5517241379310344,8,14,15,0.0,2.0,0.0,1.0,1.0,3.0,3.0,0.0,1.0,2.0,0.0,0.0,0.0,0.0,0.0,0.0,0.0,1.0,0.0,0.0,0.0,0.0,0.0,0.0,0.0,0.0,0.0,0.0,0.0,0.0
Thank the gods he did n't hav to know of this .,0.625,0.7142857142857143,10,0.6666666666666666,14,16,0.625,0.7142857142857143,0.6666666666666666,10,14,16,0.0,1.0,0.0,1.0,2.0,4.0,3.0,0.0,0.0,2.0,0.0,0.0,0.0,0.0,0.0,0.0,0.0,1.0,0.0,0.0,0.0,0.0,0.0,0.0,0.0,0.0,0.0,0.0,0.0,0.0
Thank the gods he did n't Hve to know of this .,1.0,1.0,14,1.0,14,14,1.0,1.0,1.0,14,14,14,0.0,0.0,0.0,1.0,3.0,4.0,5.0,0.0,0.0,0.0,0.0,0.0,0.0,0.0,0.0,0.0,0.0,0.0,0.0,0.0,1.0,0.0,0.0,0.0,0.0,0.0,0.0,0.0,0.0,0.0
Thank the gods he did n't yave to know of this .,1.0,1.0,14,1.0,14,14,1.0,1.0,1.0,14,14,14,0.0,0.0,0.0,1.0,3.0,4.0,5.0,0.0,0.0,0.0,0.0,0.0,0.0,0.0,0.0,0.0,0.0,0.0,0.0,0.0,1.0,0.0,0.0,0.0,0.0,0.0,0.0,0.0,0.0,0.0
Thank the gods he did n't hamve to know of this .,1.0,1.0,14,1.0,14,14,1.0,1.0,1.0,14,14,14,0.0,0.0,0.0,1.0,3.0,4.0,5.0,0.0,0.0,0.0,0.0,0.0,0.0,0.0,0.0,0.0,0.0,0.0,0.0,0.0,1.0,0.0,0.0,0.0,0.0,0.0,0.0,0.0,0.0,0.0
Thank the gods he did n't having to know of this .,1.0,1.0,14,1.0,14,14,1.0,1.0,1.0,14,14,14,0.0,0.0,0.0,1.0,3.0,4.0,5.0,0.0,0.0,0.0,0.0,0.0,0.0,0.0,0.0,0.0,0.0,0.0,0.0,0.0,1.0,0.0,0.0,0.0,0.0,0.0,0.0,0.0,0.0,0.0
Thank the gods he did n't have to no of this .,0.8666666666666667,0.9285714285714286,13,0.896551724137931,14,15,0.9333333333333333,1.0,0.9655172413793104,14,14,15,0.0,0.0,0.0,1.0,3.0,4.0,4.0,0.0,0.0,1.0,0.0,0.0,0.0,0.0,0.0,1.0,0.0,0.0,0.0,0.0,1.0,0.0,0.0,0.0,0.0,0.0,0.0,0.0,0.0,0.0
Thank the gods he did n't have to kwow of this .,1.0,1.0,14,1.0,14,14,1.0,1.0,1.0,14,14,14,0.0,0.0,0.0,1.0,3.0,4.0,5.0,0.0,0.0,0.0,0.0,0.0,0.0,0.0,0.0,0.0,0.0,0.0,0.0,0.0,1.0,0.0,0.0,0.0,0.0,0.0,0.0,0.0,0.0,0.0
Thank the gods he did n't have to knowd of this .,1.0,1.0,14,1.0,14,14,1.0,1.0,1.0,14,14,14,0.0,0.0,0.0,1.0,3.0,4.0,5.0,0.0,0.0,0.0,0.0,0.0,0.0,0.0,0.0,0.0,0.0,0.0,0.0,0.0,1.0,0.0,0.0,0.0,0.0,0.0,0.0,0.0,0.0,0.0
Thank the gods he did n't have to kmow of this .,1.0,1.0,14,1.0,14,14,1.0,1.0,1.0,14,14,14,0.0,0.0,0.0,1.0,3.0,4.0,5.0,0.0,0.0,0.0,0.0,0.0,0.0,0.0,0.0,0.0,0.0,0.0,0.0,0.0,1.0,0.0,0.0,0.0,0.0,0.0,0.0,0.0,0.0,0.0
Thank the gods he did n't have to knaw of this .,1.0,1.0,14,1.0,14,14,1.0,1.0,1.0,14,14,14,0.0,0.0,0.0,1.0,3.0,4.0,5.0,0.0,0.0,0.0,0.0,0.0,0.0,0.0,0.0,0.0,0.0,0.0,0.0,0.0,1.0,0.0,0.0,0.0,0.0,0.0,0.0,0.0,0.0,0.0
Thank the gods he did n't have to know of DIS .,1.0,1.0,14,1.0,14,14,1.0,1.0,1.0,14,14,14,0.0,0.0,0.0,1.0,3.0,4.0,5.0,0.0,0.0,0.0,0.0,0.0,0.0,0.0,0.0,0.0,0.0,0.0,0.0,0.0,1.0,0.0,0.0,0.0,0.0,0.0,0.0,0.0,0.0,0.0
Thank the gods he did n't have to know of his .,1.0,1.0,14,1.0,14,14,1.0,1.0,1.0,14,14,14,0.0,0.0,0.0,1.0,3.0,4.0,5.0,0.0,0.0,0.0,0.0,0.0,0.0,0.0,0.0,0.0,0.0,0.0,0.0,0.0,1.0,0.0,0.0,0.0,0.0,0.0,0.0,0.0,0.0,0.0
Thank the gods he did n't have to know of thise .,1.0,1.0,14,1.0,14,14,1.0,1.0,1.0,14,14,14,0.0,0.0,0.0,1.0,3.0,4.0,5.0,0.0,0.0,0.0,0.0,0.0,0.0,0.0,0.0,0.0,0.0,0.0,0.0,0.0,1.0,0.0,0.0,0.0,0.0,0.0,0.0,0.0,0.0,0.0
Thank the gods he did n't have to know of ti .,1.0,1.0,14,1.0,14,14,1.0,1.0,1.0,14,14,14,0.0,0.0,0.0,1.0,3.0,4.0,5.0,0.0,0.0,0.0,0.0,0.0,0.0,0.0,0.0,0.0,0.0,0.0,0.0,0.0,1.0,0.0,0.0,0.0,0.0,0.0,0.0,0.0,0.0,0.0
Thank the gods he did n't have to know of thhis .,1.0,1.0,14,1.0,14,14,1.0,1.0,1.0,14,14,14,0.0,0.0,0.0,1.0,3.0,4.0,5.0,0.0,0.0,0.0,0.0,0.0,0.0,0.0,0.0,0.0,0.0,0.0,0.0,0.0,1.0,0.0,0.0,0.0,0.0,0.0,0.0,0.0,0.0,0.0
